,Match,Round,Date,Location,HomeTeam,AwayTeam,Result,HomeGoals,AwayGoals,FTR,Home_players,Home_age,Home_possession,Home_goals,Home_assists,Home_penalty_kicks,Home_penalty_kick_attempts,Home_yellows,Home_reds,Home_expected_goals,Home_expected_assists,Home_progressive_carries,Home_progressive_passes,Away_players,Away_age,Away_possession,Away_goals,Away_assists,Away_penalty_kicks,Away_penalty_kick_attempts,Away_yellows,Away_reds,Away_expected_goals,Away_expected_assists,Away_progressive_carries,Away_progressive_passes
0,1,1,16/08/2024 20:00,Old Trafford,Man Utd,Fulham,1 - 0,1.0,0.0,H,,,,,,,,,,,,,,26.0,28.8,52.4,53.0,44.0,3.0,4.0,80.0,2.0,47.8,36.9,773.0,1524.0
1,2,1,17/08/2024 12:30,Portman Road,Ipswich,Liverpool,0 - 2,0.0,2.0,A,,,,,,,,,,,,,,24.0,28.0,57.4,84.0,64.0,9.0,9.0,65.0,2.0,80.0,59.6,801.0,1846.0
2,3,1,17/08/2024 15:00,Emirates Stadium,Arsenal,Wolves,2 - 0,2.0,0.0,H,25.0,26.6,56.8,65.0,53.0,2.0,2.0,70.0,6.0,57.6,43.2,830.0,1764.0,31.0,27.7,48.1,52.0,41.0,0.0,0.0,77.0,2.0,42.6,34.6,587.0,1148.0
3,4,1,17/08/2024 15:00,Goodison Park,Everton,Brighton,0 - 3,0.0,3.0,A,26.0,28.8,41.1,38.0,26.0,2.0,2.0,78.0,2.0,40.6,31.5,474.0,1027.0,32.0,25.7,52.0,60.0,40.0,6.0,6.0,77.0,3.0,56.5,39.7,798.0,1478.0
4,5,1,17/08/2024 15:00,St. James' Park,Newcastle,Southampton,1 - 0,1.0,0.0,H,,,,,,,,,,,,,,36.0,26.1,48.8,24.0,15.0,0.0,2.0,89.0,3.0,32.0,24.5,628.0,1114.0
5,6,1,17/08/2024 15:00,The City Ground,Nott'm Forest,Bournemouth,1 - 1,1.0,1.0,D,,,,,,,,,,,,,,29.0,25.9,48.1,55.0,39.0,6.0,7.0,97.0,3.0,62.4,42.6,732.0,1438.0
6,7,1,17/08/2024 17:30,London Stadium,West Ham,Aston Villa,1 - 2,1.0,2.0,A,27.0,29.0,48.2,40.0,26.0,3.0,3.0,81.0,3.0,45.9,33.0,617.0,1192.0,28.0,27.8,51.0,56.0,45.0,3.0,6.0,74.0,3.0,55.7,41.5,709.0,1326.0
7,8,1,18/08/2024 14:00,Gtech Community Stadium,Brentford,Crystal Palace,2 - 1,2.0,1.0,H,28.0,26.6,47.8,64.0,43.0,5.0,6.0,61.0,1.0,57.6,41.3,579.0,1318.0,29.0,27.0,43.1,48.0,37.0,3.0,4.0,80.0,4.0,58.7,44.7,491.0,1140.0
8,9,1,18/08/2024 16:30,Stamford Bridge,Chelsea,Man City,0 - 2,0.0,2.0,A,29.0,24.5,57.3,60.0,46.0,4.0,5.0,99.0,2.0,66.7,51.6,848.0,1573.0,,,,,,,,,,,,,
9,10,1,19/08/2024 20:00,King Power Stadium,Leicester,Spurs,1 - 1,1.0,1.0,D,,,,,,,,,,,,,,,,,,,,,,,,,,
10,13,2,24/08/2024 12:30,American Express Stadium,Brighton,Man Utd,2 - 1,2.0,1.0,H,32.0,25.7,52.0,60.0,40.0,6.0,6.0,77.0,3.0,56.5,39.7,798.0,1478.0,,,,,,,,,,,,,
11,14,2,24/08/2024 15:00,Selhurst Park,Crystal Palace,West Ham,0 - 2,0.0,2.0,A,29.0,27.0,43.1,48.0,37.0,3.0,4.0,80.0,4.0,58.7,44.7,491.0,1140.0,27.0,29.0,48.2,40.0,26.0,3.0,3.0,81.0,3.0,45.9,33.0,617.0,1192.0
12,15,2,24/08/2024 15:00,Craven Cottage,Fulham,Leicester,2 - 1,2.0,1.0,H,26.0,28.8,52.4,53.0,44.0,3.0,4.0,80.0,2.0,47.8,36.9,773.0,1524.0,,,,,,,,,,,,,
13,17,2,24/08/2024 15:00,Etihad Stadium,Man City,Ipswich,4 - 1,4.0,1.0,H,,,,,,,,,,,,,,,,,,,,,,,,,,
14,18,2,24/08/2024 15:00,St. Mary's Stadium,Southampton,Nott'm Forest,0 - 1,0.0,1.0,A,36.0,26.1,48.8,24.0,15.0,0.0,2.0,89.0,3.0,32.0,24.5,628.0,1114.0,,,,,,,,,,,,,
15,19,2,24/08/2024 15:00,Tottenham Hotspur Stadium,Spurs,Everton,4 - 0,4.0,0.0,H,,,,,,,,,,,,,,26.0,28.8,41.1,38.0,26.0,2.0,2.0,78.0,2.0,40.6,31.5,474.0,1027.0
16,11,2,24/08/2024 17:30,Villa Park,Aston Villa,Arsenal,0 - 2,0.0,2.0,A,28.0,27.8,51.0,56.0,45.0,3.0,6.0,74.0,3.0,55.7,41.5,709.0,1326.0,25.0,26.6,56.8,65.0,53.0,2.0,2.0,70.0,6.0,57.6,43.2,830.0,1764.0
17,12,2,25/08/2024 14:00,Vitality Stadium,Bournemouth,Newcastle,1 - 1,1.0,1.0,D,29.0,25.9,48.1,55.0,39.0,6.0,7.0,97.0,3.0,62.4,42.6,732.0,1438.0,,,,,,,,,,,,,
18,20,2,25/08/2024 14:00,Molineux Stadium,Wolves,Chelsea,2 - 6,2.0,6.0,A,31.0,27.7,48.1,52.0,41.0,0.0,0.0,77.0,2.0,42.6,34.6,587.0,1148.0,29.0,24.5,57.3,60.0,46.0,4.0,5.0,99.0,2.0,66.7,51.6,848.0,1573.0
19,16,2,25/08/2024 16:30,Anfield,Liverpool,Brentford,2 - 0,2.0,0.0,H,24.0,28.0,57.4,84.0,64.0,9.0,9.0,65.0,2.0,80.0,59.6,801.0,1846.0,28.0,26.6,47.8,64.0,43.0,5.0,6.0,61.0,1.0,57.6,41.3,579.0,1318.0
20,21,3,31/08/2024 12:30,Emirates Stadium,Arsenal,Brighton,1 - 1,1.0,1.0,D,25.0,26.6,56.8,65.0,53.0,2.0,2.0,70.0,6.0,57.6,43.2,830.0,1764.0,32.0,25.7,52.0,60.0,40.0,6.0,6.0,77.0,3.0,56.5,39.7,798.0,1478.0
21,22,3,31/08/2024 15:00,Gtech Community Stadium,Brentford,Southampton,3 - 1,3.0,1.0,H,28.0,26.6,47.8,64.0,43.0,5.0,6.0,61.0,1.0,57.6,41.3,579.0,1318.0,36.0,26.1,48.8,24.0,15.0,0.0,2.0,89.0,3.0,32.0,24.5,628.0,1114.0
22,24,3,31/08/2024 15:00,Goodison Park,Everton,Bournemouth,2 - 3,2.0,3.0,A,26.0,28.8,41.1,38.0,26.0,2.0,2.0,78.0,2.0,40.6,31.5,474.0,1027.0,29.0,25.9,48.1,55.0,39.0,6.0,7.0,97.0,3.0,62.4,42.6,732.0,1438.0
23,25,3,31/08/2024 15:00,Portman Road,Ipswich,Fulham,1 - 1,1.0,1.0,D,,,,,,,,,,,,,,26.0,28.8,52.4,53.0,44.0,3.0,4.0,80.0,2.0,47.8,36.9,773.0,1524.0
24,26,3,31/08/2024 15:00,King Power Stadium,Leicester,Aston Villa,1 - 2,1.0,2.0,A,,,,,,,,,,,,,,28.0,27.8,51.0,56.0,45.0,3.0,6.0,74.0,3.0,55.7,41.5,709.0,1326.0
25,29,3,31/08/2024 15:00,The City Ground,Nott'm Forest,Wolves,1 - 1,1.0,1.0,D,,,,,,,,,,,,,,31.0,27.7,48.1,52.0,41.0,0.0,0.0,77.0,2.0,42.6,34.6,587.0,1148.0
26,30,3,31/08/2024 17:30,London Stadium,West Ham,Man City,1 - 3,1.0,3.0,A,27.0,29.0,48.2,40.0,26.0,3.0,3.0,81.0,3.0,45.9,33.0,617.0,1192.0,,,,,,,,,,,,,
27,23,3,01/09/2024 13:30,Stamford Bridge,Chelsea,Crystal Palace,1 - 1,1.0,1.0,D,29.0,24.5,57.3,60.0,46.0,4.0,5.0,99.0,2.0,66.7,51.6,848.0,1573.0,29.0,27.0,43.1,48.0,37.0,3.0,4.0,80.0,4.0,58.7,44.7,491.0,1140.0
28,28,3,01/09/2024 13:30,St. James' Park,Newcastle,Spurs,2 - 1,2.0,1.0,H,,,,,,,,,,,,,,,,,,,,,,,,,,
29,27,3,01/09/2024 16:00,Old Trafford,Man Utd,Liverpool,0 - 3,0.0,3.0,A,,,,,,,,,,,,,,24.0,28.0,57.4,84.0,64.0,9.0,9.0,65.0,2.0,80.0,59.6,801.0,1846.0
30,38,4,14/09/2024 12:30,St. Mary's Stadium,Southampton,Man Utd,0 - 3,0.0,3.0,A,36.0,26.1,48.8,24.0,15.0,0.0,2.0,89.0,3.0,32.0,24.5,628.0,1114.0,,,,,,,,,,,,,
31,33,4,14/09/2024 15:00,American Express Stadium,Brighton,Ipswich,0 - 0,0.0,0.0,D,32.0,25.7,52.0,60.0,40.0,6.0,6.0,77.0,3.0,56.5,39.7,798.0,1478.0,,,,,,,,,,,,,
32,34,4,14/09/2024 15:00,Selhurst Park,Crystal Palace,Leicester,2 - 2,2.0,2.0,D,29.0,27.0,43.1,48.0,37.0,3.0,4.0,80.0,4.0,58.7,44.7,491.0,1140.0,,,,,,,,,,,,,
33,35,4,14/09/2024 15:00,Craven Cottage,Fulham,West Ham,1 - 1,1.0,1.0,D,26.0,28.8,52.4,53.0,44.0,3.0,4.0,80.0,2.0,47.8,36.9,773.0,1524.0,27.0,29.0,48.2,40.0,26.0,3.0,3.0,81.0,3.0,45.9,33.0,617.0,1192.0
34,36,4,14/09/2024 15:00,Anfield,Liverpool,Nott'm Forest,0 - 1,0.0,1.0,A,24.0,28.0,57.4,84.0,64.0,9.0,9.0,65.0,2.0,80.0,59.6,801.0,1846.0,,,,,,,,,,,,,
35,37,4,14/09/2024 15:00,Etihad Stadium,Man City,Brentford,2 - 1,2.0,1.0,H,,,,,,,,,,,,,,28.0,26.6,47.8,64.0,43.0,5.0,6.0,61.0,1.0,57.6,41.3,579.0,1318.0
36,31,4,14/09/2024 17:30,Villa Park,Aston Villa,Everton,3 - 2,3.0,2.0,H,28.0,27.8,51.0,56.0,45.0,3.0,6.0,74.0,3.0,55.7,41.5,709.0,1326.0,26.0,28.8,41.1,38.0,26.0,2.0,2.0,78.0,2.0,40.6,31.5,474.0,1027.0
37,32,4,14/09/2024 20:00,Vitality Stadium,Bournemouth,Chelsea,0 - 1,0.0,1.0,A,29.0,25.9,48.1,55.0,39.0,6.0,7.0,97.0,3.0,62.4,42.6,732.0,1438.0,29.0,24.5,57.3,60.0,46.0,4.0,5.0,99.0,2.0,66.7,51.6,848.0,1573.0
38,39,4,15/09/2024 14:00,Tottenham Hotspur Stadium,Spurs,Arsenal,0 - 1,0.0,1.0,A,,,,,,,,,,,,,,25.0,26.6,56.8,65.0,53.0,2.0,2.0,70.0,6.0,57.6,43.2,830.0,1764.0
39,40,4,15/09/2024 16:30,Molineux Stadium,Wolves,Newcastle,1 - 2,1.0,2.0,A,31.0,27.7,48.1,52.0,41.0,0.0,0.0,77.0,2.0,42.6,34.6,587.0,1148.0,,,,,,,,,,,,,
40,50,5,21/09/2024 12:30,London Stadium,West Ham,Chelsea,0 - 3,0.0,3.0,A,27.0,29.0,48.2,40.0,26.0,3.0,3.0,81.0,3.0,45.9,33.0,617.0,1192.0,29.0,24.5,57.3,60.0,46.0,4.0,5.0,99.0,2.0,66.7,51.6,848.0,1573.0
41,41,5,21/09/2024 15:00,Villa Park,Aston Villa,Wolves,3 - 1,3.0,1.0,H,28.0,27.8,51.0,56.0,45.0,3.0,6.0,74.0,3.0,55.7,41.5,709.0,1326.0,31.0,27.7,48.1,52.0,41.0,0.0,0.0,77.0,2.0,42.6,34.6,587.0,1148.0
42,44,5,21/09/2024 15:00,Craven Cottage,Fulham,Newcastle,3 - 1,3.0,1.0,H,26.0,28.8,52.4,53.0,44.0,3.0,4.0,80.0,2.0,47.8,36.9,773.0,1524.0,,,,,,,,,,,,,
43,45,5,21/09/2024 15:00,King Power Stadium,Leicester,Everton,1 - 1,1.0,1.0,D,,,,,,,,,,,,,,26.0,28.8,41.1,38.0,26.0,2.0,2.0,78.0,2.0,40.6,31.5,474.0,1027.0
44,46,5,21/09/2024 15:00,Anfield,Liverpool,Bournemouth,3 - 0,3.0,0.0,H,24.0,28.0,57.4,84.0,64.0,9.0,9.0,65.0,2.0,80.0,59.6,801.0,1846.0,29.0,25.9,48.1,55.0,39.0,6.0,7.0,97.0,3.0,62.4,42.6,732.0,1438.0
45,48,5,21/09/2024 15:00,St. Mary's Stadium,Southampton,Ipswich,1 - 1,1.0,1.0,D,36.0,26.1,48.8,24.0,15.0,0.0,2.0,89.0,3.0,32.0,24.5,628.0,1114.0,,,,,,,,,,,,,
46,49,5,21/09/2024 15:00,Tottenham Hotspur Stadium,Spurs,Brentford,3 - 1,3.0,1.0,H,,,,,,,,,,,,,,28.0,26.6,47.8,64.0,43.0,5.0,6.0,61.0,1.0,57.6,41.3,579.0,1318.0
47,43,5,21/09/2024 17:30,Selhurst Park,Crystal Palace,Man Utd,0 - 0,0.0,0.0,D,29.0,27.0,43.1,48.0,37.0,3.0,4.0,80.0,4.0,58.7,44.7,491.0,1140.0,,,,,,,,,,,,,
48,42,5,22/09/2024 14:00,American Express Stadium,Brighton,Nott'm Forest,2 - 2,2.0,2.0,D,32.0,25.7,52.0,60.0,40.0,6.0,6.0,77.0,3.0,56.5,39.7,798.0,1478.0,,,,,,,,,,,,,
49,47,5,22/09/2024 16:30,Etihad Stadium,Man City,Arsenal,2 - 2,2.0,2.0,D,,,,,,,,,,,,,,25.0,26.6,56.8,65.0,53.0,2.0,2.0,70.0,6.0,57.6,43.2,830.0,1764.0
50,58,6,28/09/2024 12:30,St. James' Park,Newcastle,Man City,1 - 1,1.0,1.0,D,,,,,,,,,,,,,,,,,,,,,,,,,,
51,51,6,28/09/2024 15:00,Emirates Stadium,Arsenal,Leicester,4 - 2,4.0,2.0,H,25.0,26.6,56.8,65.0,53.0,2.0,2.0,70.0,6.0,57.6,43.2,830.0,1764.0,,,,,,,,,,,,,
52,53,6,28/09/2024 15:00,Gtech Community Stadium,Brentford,West Ham,1 - 1,1.0,1.0,D,28.0,26.6,47.8,64.0,43.0,5.0,6.0,61.0,1.0,57.6,41.3,579.0,1318.0,27.0,29.0,48.2,40.0,26.0,3.0,3.0,81.0,3.0,45.9,33.0,617.0,1192.0
53,54,6,28/09/2024 15:00,Stamford Bridge,Chelsea,Brighton,4 - 2,4.0,2.0,H,29.0,24.5,57.3,60.0,46.0,4.0,5.0,99.0,2.0,66.7,51.6,848.0,1573.0,32.0,25.7,52.0,60.0,40.0,6.0,6.0,77.0,3.0,56.5,39.7,798.0,1478.0
54,55,6,28/09/2024 15:00,Goodison Park,Everton,Crystal Palace,2 - 1,2.0,1.0,H,26.0,28.8,41.1,38.0,26.0,2.0,2.0,78.0,2.0,40.6,31.5,474.0,1027.0,29.0,27.0,43.1,48.0,37.0,3.0,4.0,80.0,4.0,58.7,44.7,491.0,1140.0
55,59,6,28/09/2024 15:00,The City Ground,Nott'm Forest,Fulham,0 - 1,0.0,1.0,A,,,,,,,,,,,,,,26.0,28.8,52.4,53.0,44.0,3.0,4.0,80.0,2.0,47.8,36.9,773.0,1524.0
56,60,6,28/09/2024 17:30,Molineux Stadium,Wolves,Liverpool,1 - 2,1.0,2.0,A,31.0,27.7,48.1,52.0,41.0,0.0,0.0,77.0,2.0,42.6,34.6,587.0,1148.0,24.0,28.0,57.4,84.0,64.0,9.0,9.0,65.0,2.0,80.0,59.6,801.0,1846.0
57,56,6,29/09/2024 14:00,Portman Road,Ipswich,Aston Villa,2 - 2,2.0,2.0,D,,,,,,,,,,,,,,28.0,27.8,51.0,56.0,45.0,3.0,6.0,74.0,3.0,55.7,41.5,709.0,1326.0
58,57,6,29/09/2024 16:30,Old Trafford,Man Utd,Spurs,0 - 3,0.0,3.0,A,,,,,,,,,,,,,,,,,,,,,,,,,,
59,52,6,30/09/2024 20:00,Vitality Stadium,Bournemouth,Southampton,3 - 1,3.0,1.0,H,29.0,25.9,48.1,55.0,39.0,6.0,7.0,97.0,3.0,62.4,42.6,732.0,1438.0,36.0,26.1,48.8,24.0,15.0,0.0,2.0,89.0,3.0,32.0,24.5,628.0,1114.0
60,66,7,05/10/2024 12:30,Selhurst Park,Crystal Palace,Liverpool,0 - 1,0.0,1.0,A,29.0,27.0,43.1,48.0,37.0,3.0,4.0,80.0,4.0,58.7,44.7,491.0,1140.0,24.0,28.0,57.4,84.0,64.0,9.0,9.0,65.0,2.0,80.0,59.6,801.0,1846.0
61,61,7,05/10/2024 15:00,Emirates Stadium,Arsenal,Southampton,3 - 1,3.0,1.0,H,25.0,26.6,56.8,65.0,53.0,2.0,2.0,70.0,6.0,57.6,43.2,830.0,1764.0,36.0,26.1,48.8,24.0,15.0,0.0,2.0,89.0,3.0,32.0,24.5,628.0,1114.0
62,63,7,05/10/2024 15:00,Gtech Community Stadium,Brentford,Wolves,5 - 3,5.0,3.0,H,28.0,26.6,47.8,64.0,43.0,5.0,6.0,61.0,1.0,57.6,41.3,579.0,1318.0,31.0,27.7,48.1,52.0,41.0,0.0,0.0,77.0,2.0,42.6,34.6,587.0,1148.0
63,68,7,05/10/2024 15:00,King Power Stadium,Leicester,Bournemouth,1 - 0,1.0,0.0,H,,,,,,,,,,,,,,29.0,25.9,48.1,55.0,39.0,6.0,7.0,97.0,3.0,62.4,42.6,732.0,1438.0
64,69,7,05/10/2024 15:00,Etihad Stadium,Man City,Fulham,3 - 2,3.0,2.0,H,,,,,,,,,,,,,,26.0,28.8,52.4,53.0,44.0,3.0,4.0,80.0,2.0,47.8,36.9,773.0,1524.0
65,70,7,05/10/2024 15:00,London Stadium,West Ham,Ipswich,4 - 1,4.0,1.0,H,27.0,29.0,48.2,40.0,26.0,3.0,3.0,81.0,3.0,45.9,33.0,617.0,1192.0,,,,,,,,,,,,,
66,67,7,05/10/2024 17:30,Goodison Park,Everton,Newcastle,0 - 0,0.0,0.0,D,26.0,28.8,41.1,38.0,26.0,2.0,2.0,78.0,2.0,40.6,31.5,474.0,1027.0,,,,,,,,,,,,,
67,62,7,06/10/2024 14:00,Villa Park,Aston Villa,Man Utd,0 - 0,0.0,0.0,D,28.0,27.8,51.0,56.0,45.0,3.0,6.0,74.0,3.0,55.7,41.5,709.0,1326.0,,,,,,,,,,,,,
68,65,7,06/10/2024 14:00,Stamford Bridge,Chelsea,Nott'm Forest,1 - 1,1.0,1.0,D,29.0,24.5,57.3,60.0,46.0,4.0,5.0,99.0,2.0,66.7,51.6,848.0,1573.0,,,,,,,,,,,,,
69,64,7,06/10/2024 16:30,American Express Stadium,Brighton,Spurs,3 - 2,3.0,2.0,H,32.0,25.7,52.0,60.0,40.0,6.0,6.0,77.0,3.0,56.5,39.7,798.0,1478.0,,,,,,,,,,,,,
70,79,8,19/10/2024 12:30,Tottenham Hotspur Stadium,Spurs,West Ham,4 - 1,4.0,1.0,H,,,,,,,,,,,,,,27.0,29.0,48.2,40.0,26.0,3.0,3.0,81.0,3.0,45.9,33.0,617.0,1192.0
71,72,8,19/10/2024 15:00,Craven Cottage,Fulham,Aston Villa,1 - 3,1.0,3.0,A,26.0,28.8,52.4,53.0,44.0,3.0,4.0,80.0,2.0,47.8,36.9,773.0,1524.0,28.0,27.8,51.0,56.0,45.0,3.0,6.0,74.0,3.0,55.7,41.5,709.0,1326.0
72,75,8,19/10/2024 15:00,Old Trafford,Man Utd,Brentford,2 - 1,2.0,1.0,H,,,,,,,,,,,,,,28.0,26.6,47.8,64.0,43.0,5.0,6.0,61.0,1.0,57.6,41.3,579.0,1318.0
73,76,8,19/10/2024 15:00,St. James' Park,Newcastle,Brighton,0 - 1,0.0,1.0,A,,,,,,,,,,,,,,32.0,25.7,52.0,60.0,40.0,6.0,6.0,77.0,3.0,56.5,39.7,798.0,1478.0
74,78,8,19/10/2024 15:00,St. Mary's Stadium,Southampton,Leicester,2 - 3,2.0,3.0,A,36.0,26.1,48.8,24.0,15.0,0.0,2.0,89.0,3.0,32.0,24.5,628.0,1114.0,,,,,,,,,,,,,
75,73,8,19/10/2024 15:15,Portman Road,Ipswich,Everton,0 - 2,0.0,2.0,A,,,,,,,,,,,,,,26.0,28.8,41.1,38.0,26.0,2.0,2.0,78.0,2.0,40.6,31.5,474.0,1027.0
76,71,8,19/10/2024 17:30,Vitality Stadium,Bournemouth,Arsenal,2 - 0,2.0,0.0,H,29.0,25.9,48.1,55.0,39.0,6.0,7.0,97.0,3.0,62.4,42.6,732.0,1438.0,25.0,26.6,56.8,65.0,53.0,2.0,2.0,70.0,6.0,57.6,43.2,830.0,1764.0
77,80,8,20/10/2024 14:00,Molineux Stadium,Wolves,Man City,1 - 2,1.0,2.0,A,31.0,27.7,48.1,52.0,41.0,0.0,0.0,77.0,2.0,42.6,34.6,587.0,1148.0,,,,,,,,,,,,,
78,74,8,20/10/2024 16:30,Anfield,Liverpool,Chelsea,2 - 1,2.0,1.0,H,24.0,28.0,57.4,84.0,64.0,9.0,9.0,65.0,2.0,80.0,59.6,801.0,1846.0,29.0,24.5,57.3,60.0,46.0,4.0,5.0,99.0,2.0,66.7,51.6,848.0,1573.0
79,77,8,21/10/2024 20:00,The City Ground,Nott'm Forest,Crystal Palace,1 - 0,1.0,0.0,H,,,,,,,,,,,,,,29.0,27.0,43.1,48.0,37.0,3.0,4.0,80.0,4.0,58.7,44.7,491.0,1140.0
80,88,9,25/10/2024 20:00,King Power Stadium,Leicester,Nott'm Forest,1 - 3,1.0,3.0,A,,,,,,,,,,,,,,,,,,,,,,,,,,
81,82,9,26/10/2024 15:00,Villa Park,Aston Villa,Bournemouth,1 - 1,1.0,1.0,D,28.0,27.8,51.0,56.0,45.0,3.0,6.0,74.0,3.0,55.7,41.5,709.0,1326.0,29.0,25.9,48.1,55.0,39.0,6.0,7.0,97.0,3.0,62.4,42.6,732.0,1438.0
82,83,9,26/10/2024 15:00,Gtech Community Stadium,Brentford,Ipswich,4 - 3,4.0,3.0,H,28.0,26.6,47.8,64.0,43.0,5.0,6.0,61.0,1.0,57.6,41.3,579.0,1318.0,,,,,,,,,,,,,
83,84,9,26/10/2024 15:00,American Express Stadium,Brighton,Wolves,2 - 2,2.0,2.0,D,32.0,25.7,52.0,60.0,40.0,6.0,6.0,77.0,3.0,56.5,39.7,798.0,1478.0,31.0,27.7,48.1,52.0,41.0,0.0,0.0,77.0,2.0,42.6,34.6,587.0,1148.0
84,89,9,26/10/2024 15:00,Etihad Stadium,Man City,Southampton,1 - 0,1.0,0.0,H,,,,,,,,,,,,,,36.0,26.1,48.8,24.0,15.0,0.0,2.0,89.0,3.0,32.0,24.5,628.0,1114.0
85,87,9,26/10/2024 17:30,Goodison Park,Everton,Fulham,1 - 1,1.0,1.0,D,26.0,28.8,41.1,38.0,26.0,2.0,2.0,78.0,2.0,40.6,31.5,474.0,1027.0,26.0,28.8,52.4,53.0,44.0,3.0,4.0,80.0,2.0,47.8,36.9,773.0,1524.0
86,85,9,27/10/2024 14:00,Stamford Bridge,Chelsea,Newcastle,2 - 1,2.0,1.0,H,29.0,24.5,57.3,60.0,46.0,4.0,5.0,99.0,2.0,66.7,51.6,848.0,1573.0,,,,,,,,,,,,,
87,86,9,27/10/2024 14:00,Selhurst Park,Crystal Palace,Spurs,1 - 0,1.0,0.0,H,29.0,27.0,43.1,48.0,37.0,3.0,4.0,80.0,4.0,58.7,44.7,491.0,1140.0,,,,,,,,,,,,,
88,90,9,27/10/2024 14:00,London Stadium,West Ham,Man Utd,2 - 1,2.0,1.0,H,27.0,29.0,48.2,40.0,26.0,3.0,3.0,81.0,3.0,45.9,33.0,617.0,1192.0,,,,,,,,,,,,,
89,81,9,27/10/2024 16:30,Emirates Stadium,Arsenal,Liverpool,2 - 2,2.0,2.0,D,25.0,26.6,56.8,65.0,53.0,2.0,2.0,70.0,6.0,57.6,43.2,830.0,1764.0,24.0,28.0,57.4,84.0,64.0,9.0,9.0,65.0,2.0,80.0,59.6,801.0,1846.0
90,96,10,02/11/2024 12:30,St. James' Park,Newcastle,Arsenal,1 - 0,1.0,0.0,H,,,,,,,,,,,,,,25.0,26.6,56.8,65.0,53.0,2.0,2.0,70.0,6.0,57.6,43.2,830.0,1764.0
91,91,10,02/11/2024 15:00,Vitality Stadium,Bournemouth,Man City,2 - 1,2.0,1.0,H,29.0,25.9,48.1,55.0,39.0,6.0,7.0,97.0,3.0,62.4,42.6,732.0,1438.0,,,,,,,,,,,,,
92,93,10,02/11/2024 15:00,Portman Road,Ipswich,Leicester,1 - 1,1.0,1.0,D,,,,,,,,,,,,,,,,,,,,,,,,,,
93,94,10,02/11/2024 15:00,Anfield,Liverpool,Brighton,2 - 1,2.0,1.0,H,24.0,28.0,57.4,84.0,64.0,9.0,9.0,65.0,2.0,80.0,59.6,801.0,1846.0,32.0,25.7,52.0,60.0,40.0,6.0,6.0,77.0,3.0,56.5,39.7,798.0,1478.0
94,97,10,02/11/2024 15:00,The City Ground,Nott'm Forest,West Ham,3 - 0,3.0,0.0,H,,,,,,,,,,,,,,27.0,29.0,48.2,40.0,26.0,3.0,3.0,81.0,3.0,45.9,33.0,617.0,1192.0
95,98,10,02/11/2024 15:00,St. Mary's Stadium,Southampton,Everton,1 - 0,1.0,0.0,H,36.0,26.1,48.8,24.0,15.0,0.0,2.0,89.0,3.0,32.0,24.5,628.0,1114.0,26.0,28.8,41.1,38.0,26.0,2.0,2.0,78.0,2.0,40.6,31.5,474.0,1027.0
96,100,10,02/11/2024 17:30,Molineux Stadium,Wolves,Crystal Palace,2 - 2,2.0,2.0,D,31.0,27.7,48.1,52.0,41.0,0.0,0.0,77.0,2.0,42.6,34.6,587.0,1148.0,29.0,27.0,43.1,48.0,37.0,3.0,4.0,80.0,4.0,58.7,44.7,491.0,1140.0
97,99,10,03/11/2024 14:00,Tottenham Hotspur Stadium,Spurs,Aston Villa,4 - 1,4.0,1.0,H,,,,,,,,,,,,,,28.0,27.8,51.0,56.0,45.0,3.0,6.0,74.0,3.0,55.7,41.5,709.0,1326.0
98,95,10,03/11/2024 16:30,Old Trafford,Man Utd,Chelsea,1 - 1,1.0,1.0,D,,,,,,,,,,,,,,29.0,24.5,57.3,60.0,46.0,4.0,5.0,99.0,2.0,66.7,51.6,848.0,1573.0
99,92,10,04/11/2024 20:00,Craven Cottage,Fulham,Brentford,2 - 1,2.0,1.0,H,26.0,28.8,52.4,53.0,44.0,3.0,4.0,80.0,2.0,47.8,36.9,773.0,1524.0,28.0,26.6,47.8,64.0,43.0,5.0,6.0,61.0,1.0,57.6,41.3,579.0,1318.0
100,101,11,09/11/2024 15:00,Gtech Community Stadium,Brentford,Bournemouth,3 - 2,3.0,2.0,H,28.0,26.6,47.8,64.0,43.0,5.0,6.0,61.0,1.0,57.6,41.3,579.0,1318.0,29.0,25.9,48.1,55.0,39.0,6.0,7.0,97.0,3.0,62.4,42.6,732.0,1438.0
101,104,11,09/11/2024 15:00,Selhurst Park,Crystal Palace,Fulham,0 - 2,0.0,2.0,A,29.0,27.0,43.1,48.0,37.0,3.0,4.0,80.0,4.0,58.7,44.7,491.0,1140.0,26.0,28.8,52.4,53.0,44.0,3.0,4.0,80.0,2.0,47.8,36.9,773.0,1524.0
102,109,11,09/11/2024 15:00,London Stadium,West Ham,Everton,0 - 0,0.0,0.0,D,27.0,29.0,48.2,40.0,26.0,3.0,3.0,81.0,3.0,45.9,33.0,617.0,1192.0,26.0,28.8,41.1,38.0,26.0,2.0,2.0,78.0,2.0,40.6,31.5,474.0,1027.0
103,110,11,09/11/2024 15:00,Molineux Stadium,Wolves,Southampton,2 - 0,2.0,0.0,H,31.0,27.7,48.1,52.0,41.0,0.0,0.0,77.0,2.0,42.6,34.6,587.0,1148.0,36.0,26.1,48.8,24.0,15.0,0.0,2.0,89.0,3.0,32.0,24.5,628.0,1114.0
104,102,11,09/11/2024 17:30,American Express Stadium,Brighton,Man City,2 - 1,2.0,1.0,H,32.0,25.7,52.0,60.0,40.0,6.0,6.0,77.0,3.0,56.5,39.7,798.0,1478.0,,,,,,,,,,,,,
105,105,11,09/11/2024 20:00,Anfield,Liverpool,Aston Villa,2 - 0,2.0,0.0,H,24.0,28.0,57.4,84.0,64.0,9.0,9.0,65.0,2.0,80.0,59.6,801.0,1846.0,28.0,27.8,51.0,56.0,45.0,3.0,6.0,74.0,3.0,55.7,41.5,709.0,1326.0
106,106,11,10/11/2024 14:00,Old Trafford,Man Utd,Leicester,3 - 0,3.0,0.0,H,,,,,,,,,,,,,,,,,,,,,,,,,,
107,107,11,10/11/2024 14:00,The City Ground,Nott'm Forest,Newcastle,1 - 3,1.0,3.0,A,,,,,,,,,,,,,,,,,,,,,,,,,,
108,108,11,10/11/2024 14:00,Tottenham Hotspur Stadium,Spurs,Ipswich,1 - 2,1.0,2.0,A,,,,,,,,,,,,,,,,,,,,,,,,,,
109,103,11,10/11/2024 16:30,Stamford Bridge,Chelsea,Arsenal,1 - 1,1.0,1.0,D,29.0,24.5,57.3,60.0,46.0,4.0,5.0,99.0,2.0,66.7,51.6,848.0,1573.0,25.0,26.6,56.8,65.0,53.0,2.0,2.0,70.0,6.0,57.6,43.2,830.0,1764.0
110,117,12,23/11/2024 12:30,King Power Stadium,Leicester,Chelsea,1 - 2,1.0,2.0,A,,,,,,,,,,,,,,29.0,24.5,57.3,60.0,46.0,4.0,5.0,99.0,2.0,66.7,51.6,848.0,1573.0
111,111,12,23/11/2024 15:00,Emirates Stadium,Arsenal,Nott'm Forest,3 - 0,3.0,0.0,H,25.0,26.6,56.8,65.0,53.0,2.0,2.0,70.0,6.0,57.6,43.2,830.0,1764.0,,,,,,,,,,,,,
112,112,12,23/11/2024 15:00,Villa Park,Aston Villa,Crystal Palace,2 - 2,2.0,2.0,D,28.0,27.8,51.0,56.0,45.0,3.0,6.0,74.0,3.0,55.7,41.5,709.0,1326.0,29.0,27.0,43.1,48.0,37.0,3.0,4.0,80.0,4.0,58.7,44.7,491.0,1140.0
113,113,12,23/11/2024 15:00,Vitality Stadium,Bournemouth,Brighton,1 - 2,1.0,2.0,A,29.0,25.9,48.1,55.0,39.0,6.0,7.0,97.0,3.0,62.4,42.6,732.0,1438.0,32.0,25.7,52.0,60.0,40.0,6.0,6.0,77.0,3.0,56.5,39.7,798.0,1478.0
114,114,12,23/11/2024 15:00,Goodison Park,Everton,Brentford,0 - 0,0.0,0.0,D,26.0,28.8,41.1,38.0,26.0,2.0,2.0,78.0,2.0,40.6,31.5,474.0,1027.0,28.0,26.6,47.8,64.0,43.0,5.0,6.0,61.0,1.0,57.6,41.3,579.0,1318.0
115,115,12,23/11/2024 15:00,Craven Cottage,Fulham,Wolves,1 - 4,1.0,4.0,A,26.0,28.8,52.4,53.0,44.0,3.0,4.0,80.0,2.0,47.8,36.9,773.0,1524.0,31.0,27.7,48.1,52.0,41.0,0.0,0.0,77.0,2.0,42.6,34.6,587.0,1148.0
116,118,12,23/11/2024 17:30,Etihad Stadium,Man City,Spurs,0 - 4,0.0,4.0,A,,,,,,,,,,,,,,,,,,,,,,,,,,
117,120,12,24/11/2024 14:00,St. Mary's Stadium,Southampton,Liverpool,2 - 3,2.0,3.0,A,36.0,26.1,48.8,24.0,15.0,0.0,2.0,89.0,3.0,32.0,24.5,628.0,1114.0,24.0,28.0,57.4,84.0,64.0,9.0,9.0,65.0,2.0,80.0,59.6,801.0,1846.0
118,116,12,24/11/2024 16:30,Portman Road,Ipswich,Man Utd,1 - 1,1.0,1.0,D,,,,,,,,,,,,,,,,,,,,,,,,,,
119,119,12,25/11/2024 20:00,St. James' Park,Newcastle,West Ham,0 - 2,0.0,2.0,A,,,,,,,,,,,,,,27.0,29.0,48.2,40.0,26.0,3.0,3.0,81.0,3.0,45.9,33.0,617.0,1192.0
120,122,13,29/11/2024 20:00,American Express Stadium,Brighton,Southampton,1 - 1,1.0,1.0,D,32.0,25.7,52.0,60.0,40.0,6.0,6.0,77.0,3.0,56.5,39.7,798.0,1478.0,36.0,26.1,48.8,24.0,15.0,0.0,2.0,89.0,3.0,32.0,24.5,628.0,1114.0
121,121,13,30/11/2024 15:00,Gtech Community Stadium,Brentford,Leicester,4 - 1,4.0,1.0,H,28.0,26.6,47.8,64.0,43.0,5.0,6.0,61.0,1.0,57.6,41.3,579.0,1318.0,,,,,,,,,,,,,
122,124,13,30/11/2024 15:00,Selhurst Park,Crystal Palace,Newcastle,1 - 1,1.0,1.0,D,29.0,27.0,43.1,48.0,37.0,3.0,4.0,80.0,4.0,58.7,44.7,491.0,1140.0,,,,,,,,,,,,,
123,127,13,30/11/2024 15:00,The City Ground,Nott'm Forest,Ipswich,1 - 0,1.0,0.0,H,,,,,,,,,,,,,,,,,,,,,,,,,,
124,130,13,30/11/2024 15:00,Molineux Stadium,Wolves,Bournemouth,2 - 4,2.0,4.0,A,31.0,27.7,48.1,52.0,41.0,0.0,0.0,77.0,2.0,42.6,34.6,587.0,1148.0,29.0,25.9,48.1,55.0,39.0,6.0,7.0,97.0,3.0,62.4,42.6,732.0,1438.0
125,129,13,30/11/2024 17:30,London Stadium,West Ham,Arsenal,2 - 5,2.0,5.0,A,27.0,29.0,48.2,40.0,26.0,3.0,3.0,81.0,3.0,45.9,33.0,617.0,1192.0,25.0,26.6,56.8,65.0,53.0,2.0,2.0,70.0,6.0,57.6,43.2,830.0,1764.0
126,123,13,01/12/2024 13:30,Stamford Bridge,Chelsea,Aston Villa,3 - 0,3.0,0.0,H,29.0,24.5,57.3,60.0,46.0,4.0,5.0,99.0,2.0,66.7,51.6,848.0,1573.0,28.0,27.8,51.0,56.0,45.0,3.0,6.0,74.0,3.0,55.7,41.5,709.0,1326.0
127,126,13,01/12/2024 13:30,Old Trafford,Man Utd,Everton,4 - 0,4.0,0.0,H,,,,,,,,,,,,,,26.0,28.8,41.1,38.0,26.0,2.0,2.0,78.0,2.0,40.6,31.5,474.0,1027.0
128,128,13,01/12/2024 13:30,Tottenham Hotspur Stadium,Spurs,Fulham,1 - 1,1.0,1.0,D,,,,,,,,,,,,,,26.0,28.8,52.4,53.0,44.0,3.0,4.0,80.0,2.0,47.8,36.9,773.0,1524.0
129,125,13,01/12/2024 16:00,Anfield,Liverpool,Man City,2 - 0,2.0,0.0,H,24.0,28.0,57.4,84.0,64.0,9.0,9.0,65.0,2.0,80.0,59.6,801.0,1846.0,,,,,,,,,,,,,
130,136,14,03/12/2024 19:30,Portman Road,Ipswich,Crystal Palace,0 - 1,0.0,1.0,A,,,,,,,,,,,,,,29.0,27.0,43.1,48.0,37.0,3.0,4.0,80.0,4.0,58.7,44.7,491.0,1140.0
131,137,14,03/12/2024 20:15,King Power Stadium,Leicester,West Ham,3 - 1,3.0,1.0,H,,,,,,,,,,,,,,27.0,29.0,48.2,40.0,26.0,3.0,3.0,81.0,3.0,45.9,33.0,617.0,1192.0
132,134,14,04/12/2024 19:30,Goodison Park,Everton,Wolves,4 - 0,4.0,0.0,H,26.0,28.8,41.1,38.0,26.0,2.0,2.0,78.0,2.0,40.6,31.5,474.0,1027.0,31.0,27.7,48.1,52.0,41.0,0.0,0.0,77.0,2.0,42.6,34.6,587.0,1148.0
133,138,14,04/12/2024 19:30,Etihad Stadium,Man City,Nott'm Forest,3 - 0,3.0,0.0,H,,,,,,,,,,,,,,,,,,,,,,,,,,
134,139,14,04/12/2024 19:30,St. James' Park,Newcastle,Liverpool,3 - 3,3.0,3.0,D,,,,,,,,,,,,,,24.0,28.0,57.4,84.0,64.0,9.0,9.0,65.0,2.0,80.0,59.6,801.0,1846.0
135,140,14,04/12/2024 19:30,St. Mary's Stadium,Southampton,Chelsea,1 - 5,1.0,5.0,A,36.0,26.1,48.8,24.0,15.0,0.0,2.0,89.0,3.0,32.0,24.5,628.0,1114.0,29.0,24.5,57.3,60.0,46.0,4.0,5.0,99.0,2.0,66.7,51.6,848.0,1573.0
136,131,14,04/12/2024 20:15,Emirates Stadium,Arsenal,Man Utd,2 - 0,2.0,0.0,H,25.0,26.6,56.8,65.0,53.0,2.0,2.0,70.0,6.0,57.6,43.2,830.0,1764.0,,,,,,,,,,,,,
137,132,14,04/12/2024 20:15,Villa Park,Aston Villa,Brentford,3 - 1,3.0,1.0,H,28.0,27.8,51.0,56.0,45.0,3.0,6.0,74.0,3.0,55.7,41.5,709.0,1326.0,28.0,26.6,47.8,64.0,43.0,5.0,6.0,61.0,1.0,57.6,41.3,579.0,1318.0
138,135,14,05/12/2024 19:30,Craven Cottage,Fulham,Brighton,3 - 1,3.0,1.0,H,26.0,28.8,52.4,53.0,44.0,3.0,4.0,80.0,2.0,47.8,36.9,773.0,1524.0,32.0,25.7,52.0,60.0,40.0,6.0,6.0,77.0,3.0,56.5,39.7,798.0,1478.0
139,133,14,05/12/2024 20:15,Vitality Stadium,Bournemouth,Spurs,1 - 0,1.0,0.0,H,29.0,25.9,48.1,55.0,39.0,6.0,7.0,97.0,3.0,62.4,42.6,732.0,1438.0,,,,,,,,,,,,,
140,141,15,07/12/2024 15:00,Villa Park,Aston Villa,Southampton,1 - 0,1.0,0.0,H,28.0,27.8,51.0,56.0,45.0,3.0,6.0,74.0,3.0,55.7,41.5,709.0,1326.0,36.0,26.1,48.8,24.0,15.0,0.0,2.0,89.0,3.0,32.0,24.5,628.0,1114.0
141,142,15,07/12/2024 15:00,Gtech Community Stadium,Brentford,Newcastle,4 - 2,4.0,2.0,H,28.0,26.6,47.8,64.0,43.0,5.0,6.0,61.0,1.0,57.6,41.3,579.0,1318.0,,,,,,,,,,,,,
142,143,15,07/12/2024 15:00,Selhurst Park,Crystal Palace,Man City,2 - 2,2.0,2.0,D,29.0,27.0,43.1,48.0,37.0,3.0,4.0,80.0,4.0,58.7,44.7,491.0,1140.0,,,,,,,,,,,,,
143,148,15,07/12/2024 17:30,Old Trafford,Man Utd,Nott'm Forest,2 - 3,2.0,3.0,A,,,,,,,,,,,,,,,,,,,,,,,,,,
144,145,15,08/12/2024 14:00,Craven Cottage,Fulham,Arsenal,1 - 1,1.0,1.0,D,26.0,28.8,52.4,53.0,44.0,3.0,4.0,80.0,2.0,47.8,36.9,773.0,1524.0,25.0,26.6,56.8,65.0,53.0,2.0,2.0,70.0,6.0,57.6,43.2,830.0,1764.0
145,146,15,08/12/2024 14:00,Portman Road,Ipswich,Bournemouth,1 - 2,1.0,2.0,A,,,,,,,,,,,,,,29.0,25.9,48.1,55.0,39.0,6.0,7.0,97.0,3.0,62.4,42.6,732.0,1438.0
146,147,15,08/12/2024 14:00,King Power Stadium,Leicester,Brighton,2 - 2,2.0,2.0,D,,,,,,,,,,,,,,32.0,25.7,52.0,60.0,40.0,6.0,6.0,77.0,3.0,56.5,39.7,798.0,1478.0
147,149,15,08/12/2024 16:30,Tottenham Hotspur Stadium,Spurs,Chelsea,3 - 4,3.0,4.0,A,,,,,,,,,,,,,,29.0,24.5,57.3,60.0,46.0,4.0,5.0,99.0,2.0,66.7,51.6,848.0,1573.0
148,150,15,09/12/2024 20:00,London Stadium,West Ham,Wolves,2 - 1,2.0,1.0,H,27.0,29.0,48.2,40.0,26.0,3.0,3.0,81.0,3.0,45.9,33.0,617.0,1192.0,31.0,27.7,48.1,52.0,41.0,0.0,0.0,77.0,2.0,42.6,34.6,587.0,1148.0
149,144,15,12/02/2025 19:30,Goodison Park,Everton,Liverpool,2 - 2,2.0,2.0,D,26.0,28.8,41.1,38.0,26.0,2.0,2.0,78.0,2.0,40.6,31.5,474.0,1027.0,24.0,28.0,57.4,84.0,64.0,9.0,9.0,65.0,2.0,80.0,59.6,801.0,1846.0
150,151,16,14/12/2024 15:00,Emirates Stadium,Arsenal,Everton,0 - 0,0.0,0.0,D,25.0,26.6,56.8,65.0,53.0,2.0,2.0,70.0,6.0,57.6,43.2,830.0,1764.0,26.0,28.8,41.1,38.0,26.0,2.0,2.0,78.0,2.0,40.6,31.5,474.0,1027.0
151,155,16,14/12/2024 15:00,Anfield,Liverpool,Fulham,2 - 2,2.0,2.0,D,24.0,28.0,57.4,84.0,64.0,9.0,9.0,65.0,2.0,80.0,59.6,801.0,1846.0,26.0,28.8,52.4,53.0,44.0,3.0,4.0,80.0,2.0,47.8,36.9,773.0,1524.0
152,157,16,14/12/2024 15:00,St. James' Park,Newcastle,Leicester,4 - 0,4.0,0.0,H,,,,,,,,,,,,,,,,,,,,,,,,,,
153,160,16,14/12/2024 15:00,Molineux Stadium,Wolves,Ipswich,1 - 2,1.0,2.0,A,31.0,27.7,48.1,52.0,41.0,0.0,0.0,77.0,2.0,42.6,34.6,587.0,1148.0,,,,,,,,,,,,,
154,158,16,14/12/2024 17:30,The City Ground,Nott'm Forest,Aston Villa,2 - 1,2.0,1.0,H,,,,,,,,,,,,,,28.0,27.8,51.0,56.0,45.0,3.0,6.0,74.0,3.0,55.7,41.5,709.0,1326.0
155,153,16,15/12/2024 14:00,American Express Stadium,Brighton,Crystal Palace,1 - 3,1.0,3.0,A,32.0,25.7,52.0,60.0,40.0,6.0,6.0,77.0,3.0,56.5,39.7,798.0,1478.0,29.0,27.0,43.1,48.0,37.0,3.0,4.0,80.0,4.0,58.7,44.7,491.0,1140.0
156,156,16,15/12/2024 16:30,Etihad Stadium,Man City,Man Utd,1 - 2,1.0,2.0,A,,,,,,,,,,,,,,,,,,,,,,,,,,
157,154,16,15/12/2024 19:00,Stamford Bridge,Chelsea,Brentford,2 - 1,2.0,1.0,H,29.0,24.5,57.3,60.0,46.0,4.0,5.0,99.0,2.0,66.7,51.6,848.0,1573.0,28.0,26.6,47.8,64.0,43.0,5.0,6.0,61.0,1.0,57.6,41.3,579.0,1318.0
158,159,16,15/12/2024 19:00,St. Mary's Stadium,Southampton,Spurs,0 - 5,0.0,5.0,A,36.0,26.1,48.8,24.0,15.0,0.0,2.0,89.0,3.0,32.0,24.5,628.0,1114.0,,,,,,,,,,,,,
159,152,16,16/12/2024 20:00,Vitality Stadium,Bournemouth,West Ham,1 - 1,1.0,1.0,D,29.0,25.9,48.1,55.0,39.0,6.0,7.0,97.0,3.0,62.4,42.6,732.0,1438.0,27.0,29.0,48.2,40.0,26.0,3.0,3.0,81.0,3.0,45.9,33.0,617.0,1192.0
160,161,17,21/12/2024 12:30,Villa Park,Aston Villa,Man City,2 - 1,2.0,1.0,H,28.0,27.8,51.0,56.0,45.0,3.0,6.0,74.0,3.0,55.7,41.5,709.0,1326.0,,,,,,,,,,,,,
161,162,17,21/12/2024 15:00,Gtech Community Stadium,Brentford,Nott'm Forest,0 - 2,0.0,2.0,A,28.0,26.6,47.8,64.0,43.0,5.0,6.0,61.0,1.0,57.6,41.3,579.0,1318.0,,,,,,,,,,,,,
162,166,17,21/12/2024 15:00,Portman Road,Ipswich,Newcastle,0 - 4,0.0,4.0,A,,,,,,,,,,,,,,,,,,,,,,,,,,
163,170,17,21/12/2024 15:00,London Stadium,West Ham,Brighton,1 - 1,1.0,1.0,D,27.0,29.0,48.2,40.0,26.0,3.0,3.0,81.0,3.0,45.9,33.0,617.0,1192.0,32.0,25.7,52.0,60.0,40.0,6.0,6.0,77.0,3.0,56.5,39.7,798.0,1478.0
164,163,17,21/12/2024 17:30,Selhurst Park,Crystal Palace,Arsenal,1 - 5,1.0,5.0,A,29.0,27.0,43.1,48.0,37.0,3.0,4.0,80.0,4.0,58.7,44.7,491.0,1140.0,25.0,26.6,56.8,65.0,53.0,2.0,2.0,70.0,6.0,57.6,43.2,830.0,1764.0
165,164,17,22/12/2024 14:00,Goodison Park,Everton,Chelsea,0 - 0,0.0,0.0,D,26.0,28.8,41.1,38.0,26.0,2.0,2.0,78.0,2.0,40.6,31.5,474.0,1027.0,29.0,24.5,57.3,60.0,46.0,4.0,5.0,99.0,2.0,66.7,51.6,848.0,1573.0
166,165,17,22/12/2024 14:00,Craven Cottage,Fulham,Southampton,0 - 0,0.0,0.0,D,26.0,28.8,52.4,53.0,44.0,3.0,4.0,80.0,2.0,47.8,36.9,773.0,1524.0,36.0,26.1,48.8,24.0,15.0,0.0,2.0,89.0,3.0,32.0,24.5,628.0,1114.0
167,167,17,22/12/2024 14:00,King Power Stadium,Leicester,Wolves,0 - 3,0.0,3.0,A,,,,,,,,,,,,,,31.0,27.7,48.1,52.0,41.0,0.0,0.0,77.0,2.0,42.6,34.6,587.0,1148.0
168,168,17,22/12/2024 14:00,Old Trafford,Man Utd,Bournemouth,0 - 3,0.0,3.0,A,,,,,,,,,,,,,,29.0,25.9,48.1,55.0,39.0,6.0,7.0,97.0,3.0,62.4,42.6,732.0,1438.0
169,169,17,22/12/2024 16:30,Tottenham Hotspur Stadium,Spurs,Liverpool,3 - 6,3.0,6.0,A,,,,,,,,,,,,,,24.0,28.0,57.4,84.0,64.0,9.0,9.0,65.0,2.0,80.0,59.6,801.0,1846.0
170,176,18,26/12/2024 12:30,Etihad Stadium,Man City,Everton,1 - 1,1.0,1.0,D,,,,,,,,,,,,,,26.0,28.8,41.1,38.0,26.0,2.0,2.0,78.0,2.0,40.6,31.5,474.0,1027.0
171,172,18,26/12/2024 15:00,Vitality Stadium,Bournemouth,Crystal Palace,0 - 0,0.0,0.0,D,29.0,25.9,48.1,55.0,39.0,6.0,7.0,97.0,3.0,62.4,42.6,732.0,1438.0,29.0,27.0,43.1,48.0,37.0,3.0,4.0,80.0,4.0,58.7,44.7,491.0,1140.0
172,174,18,26/12/2024 15:00,Stamford Bridge,Chelsea,Fulham,1 - 2,1.0,2.0,A,29.0,24.5,57.3,60.0,46.0,4.0,5.0,99.0,2.0,66.7,51.6,848.0,1573.0,26.0,28.8,52.4,53.0,44.0,3.0,4.0,80.0,2.0,47.8,36.9,773.0,1524.0
173,177,18,26/12/2024 15:00,St. James' Park,Newcastle,Aston Villa,3 - 0,3.0,0.0,H,,,,,,,,,,,,,,28.0,27.8,51.0,56.0,45.0,3.0,6.0,74.0,3.0,55.7,41.5,709.0,1326.0
174,178,18,26/12/2024 15:00,The City Ground,Nott'm Forest,Spurs,1 - 0,1.0,0.0,H,,,,,,,,,,,,,,,,,,,,,,,,,,
175,179,18,26/12/2024 15:00,St. Mary's Stadium,Southampton,West Ham,0 - 1,0.0,1.0,A,36.0,26.1,48.8,24.0,15.0,0.0,2.0,89.0,3.0,32.0,24.5,628.0,1114.0,27.0,29.0,48.2,40.0,26.0,3.0,3.0,81.0,3.0,45.9,33.0,617.0,1192.0
176,180,18,26/12/2024 17:30,Molineux Stadium,Wolves,Man Utd,2 - 0,2.0,0.0,H,31.0,27.7,48.1,52.0,41.0,0.0,0.0,77.0,2.0,42.6,34.6,587.0,1148.0,,,,,,,,,,,,,
177,175,18,26/12/2024 20:00,Anfield,Liverpool,Leicester,3 - 1,3.0,1.0,H,24.0,28.0,57.4,84.0,64.0,9.0,9.0,65.0,2.0,80.0,59.6,801.0,1846.0,,,,,,,,,,,,,
178,173,18,27/12/2024 19:30,American Express Stadium,Brighton,Brentford,0 - 0,0.0,0.0,D,32.0,25.7,52.0,60.0,40.0,6.0,6.0,77.0,3.0,56.5,39.7,798.0,1478.0,28.0,26.6,47.8,64.0,43.0,5.0,6.0,61.0,1.0,57.6,41.3,579.0,1318.0
179,171,18,27/12/2024 20:15,Emirates Stadium,Arsenal,Ipswich,1 - 0,1.0,0.0,H,25.0,26.6,56.8,65.0,53.0,2.0,2.0,70.0,6.0,57.6,43.2,830.0,1764.0,,,,,,,,,,,,,
180,187,19,29/12/2024 14:30,King Power Stadium,Leicester,Man City,0 - 2,0.0,2.0,A,,,,,,,,,,,,,,,,,,,,,,,,,,
181,183,19,29/12/2024 15:00,Selhurst Park,Crystal Palace,Southampton,2 - 1,2.0,1.0,H,29.0,27.0,43.1,48.0,37.0,3.0,4.0,80.0,4.0,58.7,44.7,491.0,1140.0,36.0,26.1,48.8,24.0,15.0,0.0,2.0,89.0,3.0,32.0,24.5,628.0,1114.0
182,184,19,29/12/2024 15:00,Goodison Park,Everton,Nott'm Forest,0 - 2,0.0,2.0,A,26.0,28.8,41.1,38.0,26.0,2.0,2.0,78.0,2.0,40.6,31.5,474.0,1027.0,,,,,,,,,,,,,
183,185,19,29/12/2024 15:00,Craven Cottage,Fulham,Bournemouth,2 - 2,2.0,2.0,D,26.0,28.8,52.4,53.0,44.0,3.0,4.0,80.0,2.0,47.8,36.9,773.0,1524.0,29.0,25.9,48.1,55.0,39.0,6.0,7.0,97.0,3.0,62.4,42.6,732.0,1438.0
184,189,19,29/12/2024 15:00,Tottenham Hotspur Stadium,Spurs,Wolves,2 - 2,2.0,2.0,D,,,,,,,,,,,,,,31.0,27.7,48.1,52.0,41.0,0.0,0.0,77.0,2.0,42.6,34.6,587.0,1148.0
185,190,19,29/12/2024 17:15,London Stadium,West Ham,Liverpool,0 - 5,0.0,5.0,A,27.0,29.0,48.2,40.0,26.0,3.0,3.0,81.0,3.0,45.9,33.0,617.0,1192.0,24.0,28.0,57.4,84.0,64.0,9.0,9.0,65.0,2.0,80.0,59.6,801.0,1846.0
186,181,19,30/12/2024 19:45,Villa Park,Aston Villa,Brighton,2 - 2,2.0,2.0,D,28.0,27.8,51.0,56.0,45.0,3.0,6.0,74.0,3.0,55.7,41.5,709.0,1326.0,32.0,25.7,52.0,60.0,40.0,6.0,6.0,77.0,3.0,56.5,39.7,798.0,1478.0
187,186,19,30/12/2024 19:45,Portman Road,Ipswich,Chelsea,2 - 0,2.0,0.0,H,,,,,,,,,,,,,,29.0,24.5,57.3,60.0,46.0,4.0,5.0,99.0,2.0,66.7,51.6,848.0,1573.0
188,188,19,30/12/2024 20:00,Old Trafford,Man Utd,Newcastle,0 - 2,0.0,2.0,A,,,,,,,,,,,,,,,,,,,,,,,,,,
189,182,19,01/01/2025 17:30,Gtech Community Stadium,Brentford,Arsenal,1 - 3,1.0,3.0,A,28.0,26.6,47.8,64.0,43.0,5.0,6.0,61.0,1.0,57.6,41.3,579.0,1318.0,25.0,26.6,56.8,65.0,53.0,2.0,2.0,70.0,6.0,57.6,43.2,830.0,1764.0
190,199,20,04/01/2025 12:30,Tottenham Hotspur Stadium,Spurs,Newcastle,1 - 2,1.0,2.0,A,,,,,,,,,,,,,,,,,,,,,,,,,,
191,191,20,04/01/2025 15:00,Villa Park,Aston Villa,Leicester,2 - 1,2.0,1.0,H,28.0,27.8,51.0,56.0,45.0,3.0,6.0,74.0,3.0,55.7,41.5,709.0,1326.0,,,,,,,,,,,,,
192,192,20,04/01/2025 15:00,Vitality Stadium,Bournemouth,Everton,1 - 0,1.0,0.0,H,29.0,25.9,48.1,55.0,39.0,6.0,7.0,97.0,3.0,62.4,42.6,732.0,1438.0,26.0,28.8,41.1,38.0,26.0,2.0,2.0,78.0,2.0,40.6,31.5,474.0,1027.0
193,194,20,04/01/2025 15:00,Selhurst Park,Crystal Palace,Chelsea,1 - 1,1.0,1.0,D,29.0,27.0,43.1,48.0,37.0,3.0,4.0,80.0,4.0,58.7,44.7,491.0,1140.0,29.0,24.5,57.3,60.0,46.0,4.0,5.0,99.0,2.0,66.7,51.6,848.0,1573.0
194,197,20,04/01/2025 15:00,Etihad Stadium,Man City,West Ham,4 - 1,4.0,1.0,H,,,,,,,,,,,,,,27.0,29.0,48.2,40.0,26.0,3.0,3.0,81.0,3.0,45.9,33.0,617.0,1192.0
195,198,20,04/01/2025 15:00,St. Mary's Stadium,Southampton,Brentford,0 - 5,0.0,5.0,A,36.0,26.1,48.8,24.0,15.0,0.0,2.0,89.0,3.0,32.0,24.5,628.0,1114.0,28.0,26.6,47.8,64.0,43.0,5.0,6.0,61.0,1.0,57.6,41.3,579.0,1318.0
196,193,20,04/01/2025 17:30,American Express Stadium,Brighton,Arsenal,1 - 1,1.0,1.0,D,32.0,25.7,52.0,60.0,40.0,6.0,6.0,77.0,3.0,56.5,39.7,798.0,1478.0,25.0,26.6,56.8,65.0,53.0,2.0,2.0,70.0,6.0,57.6,43.2,830.0,1764.0
197,195,20,05/01/2025 14:00,Craven Cottage,Fulham,Ipswich,2 - 2,2.0,2.0,D,26.0,28.8,52.4,53.0,44.0,3.0,4.0,80.0,2.0,47.8,36.9,773.0,1524.0,,,,,,,,,,,,,
198,196,20,05/01/2025 16:30,Anfield,Liverpool,Man Utd,2 - 2,2.0,2.0,D,24.0,28.0,57.4,84.0,64.0,9.0,9.0,65.0,2.0,80.0,59.6,801.0,1846.0,,,,,,,,,,,,,
199,200,20,06/01/2025 20:00,Molineux Stadium,Wolves,Nott'm Forest,0 - 3,0.0,3.0,A,31.0,27.7,48.1,52.0,41.0,0.0,0.0,77.0,2.0,42.6,34.6,587.0,1148.0,,,,,,,,,,,,,
200,202,21,14/01/2025 19:30,Gtech Community Stadium,Brentford,Man City,2 - 2,2.0,2.0,D,28.0,26.6,47.8,64.0,43.0,5.0,6.0,61.0,1.0,57.6,41.3,579.0,1318.0,,,,,,,,,,,,,
201,207,21,14/01/2025 19:30,London Stadium,West Ham,Fulham,3 - 2,3.0,2.0,H,27.0,29.0,48.2,40.0,26.0,3.0,3.0,81.0,3.0,45.9,33.0,617.0,1192.0,26.0,28.8,52.4,53.0,44.0,3.0,4.0,80.0,2.0,47.8,36.9,773.0,1524.0
202,208,21,14/01/2025 19:30,Stamford Bridge,Chelsea,Bournemouth,2 - 2,2.0,2.0,D,29.0,24.5,57.3,60.0,46.0,4.0,5.0,99.0,2.0,66.7,51.6,848.0,1573.0,29.0,25.9,48.1,55.0,39.0,6.0,7.0,97.0,3.0,62.4,42.6,732.0,1438.0
203,206,21,14/01/2025 20:00,The City Ground,Nott'm Forest,Liverpool,1 - 1,1.0,1.0,D,,,,,,,,,,,,,,24.0,28.0,57.4,84.0,64.0,9.0,9.0,65.0,2.0,80.0,59.6,801.0,1846.0
204,203,21,15/01/2025 19:30,Goodison Park,Everton,Aston Villa,0 - 1,0.0,1.0,A,26.0,28.8,41.1,38.0,26.0,2.0,2.0,78.0,2.0,40.6,31.5,474.0,1027.0,28.0,27.8,51.0,56.0,45.0,3.0,6.0,74.0,3.0,55.7,41.5,709.0,1326.0
205,205,21,15/01/2025 19:30,King Power Stadium,Leicester,Crystal Palace,0 - 2,0.0,2.0,A,,,,,,,,,,,,,,29.0,27.0,43.1,48.0,37.0,3.0,4.0,80.0,4.0,58.7,44.7,491.0,1140.0
206,209,21,15/01/2025 19:30,St. James' Park,Newcastle,Wolves,3 - 0,3.0,0.0,H,,,,,,,,,,,,,,31.0,27.7,48.1,52.0,41.0,0.0,0.0,77.0,2.0,42.6,34.6,587.0,1148.0
207,201,21,15/01/2025 20:00,Emirates Stadium,Arsenal,Spurs,2 - 1,2.0,1.0,H,25.0,26.6,56.8,65.0,53.0,2.0,2.0,70.0,6.0,57.6,43.2,830.0,1764.0,,,,,,,,,,,,,
208,204,21,16/01/2025 19:30,Portman Road,Ipswich,Brighton,0 - 2,0.0,2.0,A,,,,,,,,,,,,,,32.0,25.7,52.0,60.0,40.0,6.0,6.0,77.0,3.0,56.5,39.7,798.0,1478.0
209,210,21,16/01/2025 20:00,Old Trafford,Man Utd,Southampton,3 - 1,3.0,1.0,H,,,,,,,,,,,,,,36.0,26.1,48.8,24.0,15.0,0.0,2.0,89.0,3.0,32.0,24.5,628.0,1114.0
210,218,22,18/01/2025 12:30,St. James' Park,Newcastle,Bournemouth,1 - 4,1.0,4.0,A,,,,,,,,,,,,,,29.0,25.9,48.1,55.0,39.0,6.0,7.0,97.0,3.0,62.4,42.6,732.0,1438.0
211,212,22,18/01/2025 15:00,Gtech Community Stadium,Brentford,Liverpool,0 - 2,0.0,2.0,A,28.0,26.6,47.8,64.0,43.0,5.0,6.0,61.0,1.0,57.6,41.3,579.0,1318.0,24.0,28.0,57.4,84.0,64.0,9.0,9.0,65.0,2.0,80.0,59.6,801.0,1846.0
212,216,22,18/01/2025 15:00,King Power Stadium,Leicester,Fulham,0 - 2,0.0,2.0,A,,,,,,,,,,,,,,26.0,28.8,52.4,53.0,44.0,3.0,4.0,80.0,2.0,47.8,36.9,773.0,1524.0
213,220,22,18/01/2025 15:00,London Stadium,West Ham,Crystal Palace,0 - 2,0.0,2.0,A,27.0,29.0,48.2,40.0,26.0,3.0,3.0,81.0,3.0,45.9,33.0,617.0,1192.0,29.0,27.0,43.1,48.0,37.0,3.0,4.0,80.0,4.0,58.7,44.7,491.0,1140.0
214,211,22,18/01/2025 17:30,Emirates Stadium,Arsenal,Aston Villa,2 - 2,2.0,2.0,D,25.0,26.6,56.8,65.0,53.0,2.0,2.0,70.0,6.0,57.6,43.2,830.0,1764.0,28.0,27.8,51.0,56.0,45.0,3.0,6.0,74.0,3.0,55.7,41.5,709.0,1326.0
215,214,22,19/01/2025 14:00,Goodison Park,Everton,Spurs,3 - 2,3.0,2.0,H,26.0,28.8,41.1,38.0,26.0,2.0,2.0,78.0,2.0,40.6,31.5,474.0,1027.0,,,,,,,,,,,,,
216,217,22,19/01/2025 14:00,Old Trafford,Man Utd,Brighton,1 - 3,1.0,3.0,A,,,,,,,,,,,,,,32.0,25.7,52.0,60.0,40.0,6.0,6.0,77.0,3.0,56.5,39.7,798.0,1478.0
217,219,22,19/01/2025 14:00,The City Ground,Nott'm Forest,Southampton,3 - 2,3.0,2.0,H,,,,,,,,,,,,,,36.0,26.1,48.8,24.0,15.0,0.0,2.0,89.0,3.0,32.0,24.5,628.0,1114.0
218,215,22,19/01/2025 16:30,Portman Road,Ipswich,Man City,0 - 6,0.0,6.0,A,,,,,,,,,,,,,,,,,,,,,,,,,,
219,213,22,20/01/2025 20:00,Stamford Bridge,Chelsea,Wolves,3 - 1,3.0,1.0,H,29.0,24.5,57.3,60.0,46.0,4.0,5.0,99.0,2.0,66.7,51.6,848.0,1573.0,31.0,27.7,48.1,52.0,41.0,0.0,0.0,77.0,2.0,42.6,34.6,587.0,1148.0
220,222,23,25/01/2025 15:00,Vitality Stadium,Bournemouth,Nott'm Forest,5 - 0,5.0,0.0,H,29.0,25.9,48.1,55.0,39.0,6.0,7.0,97.0,3.0,62.4,42.6,732.0,1438.0,,,,,,,,,,,,,
221,223,23,25/01/2025 15:00,American Express Stadium,Brighton,Everton,0 - 1,0.0,1.0,A,32.0,25.7,52.0,60.0,40.0,6.0,6.0,77.0,3.0,56.5,39.7,798.0,1478.0,26.0,28.8,41.1,38.0,26.0,2.0,2.0,78.0,2.0,40.6,31.5,474.0,1027.0
222,226,23,25/01/2025 15:00,Anfield,Liverpool,Ipswich,4 - 1,4.0,1.0,H,24.0,28.0,57.4,84.0,64.0,9.0,9.0,65.0,2.0,80.0,59.6,801.0,1846.0,,,,,,,,,,,,,
223,228,23,25/01/2025 15:00,St. Mary's Stadium,Southampton,Newcastle,1 - 3,1.0,3.0,A,36.0,26.1,48.8,24.0,15.0,0.0,2.0,89.0,3.0,32.0,24.5,628.0,1114.0,,,,,,,,,,,,,
224,230,23,25/01/2025 15:00,Molineux Stadium,Wolves,Arsenal,0 - 1,0.0,1.0,A,31.0,27.7,48.1,52.0,41.0,0.0,0.0,77.0,2.0,42.6,34.6,587.0,1148.0,25.0,26.6,56.8,65.0,53.0,2.0,2.0,70.0,6.0,57.6,43.2,830.0,1764.0
225,227,23,25/01/2025 17:30,Etihad Stadium,Man City,Chelsea,3 - 1,3.0,1.0,H,,,,,,,,,,,,,,29.0,24.5,57.3,60.0,46.0,4.0,5.0,99.0,2.0,66.7,51.6,848.0,1573.0
226,224,23,26/01/2025 14:00,Selhurst Park,Crystal Palace,Brentford,1 - 2,1.0,2.0,A,29.0,27.0,43.1,48.0,37.0,3.0,4.0,80.0,4.0,58.7,44.7,491.0,1140.0,28.0,26.6,47.8,64.0,43.0,5.0,6.0,61.0,1.0,57.6,41.3,579.0,1318.0
227,229,23,26/01/2025 14:00,Tottenham Hotspur Stadium,Spurs,Leicester,1 - 2,1.0,2.0,A,,,,,,,,,,,,,,,,,,,,,,,,,,
228,221,23,26/01/2025 16:30,Villa Park,Aston Villa,West Ham,1 - 1,1.0,1.0,D,28.0,27.8,51.0,56.0,45.0,3.0,6.0,74.0,3.0,55.7,41.5,709.0,1326.0,27.0,29.0,48.2,40.0,26.0,3.0,3.0,81.0,3.0,45.9,33.0,617.0,1192.0
229,225,23,26/01/2025 19:00,Craven Cottage,Fulham,Man Utd,0 - 1,0.0,1.0,A,26.0,28.8,52.4,53.0,44.0,3.0,4.0,80.0,2.0,47.8,36.9,773.0,1524.0,,,,,,,,,,,,,
230,239,24,01/02/2025 12:30,The City Ground,Nott'm Forest,Brighton,7 - 0,7.0,0.0,H,,,,,,,,,,,,,,32.0,25.7,52.0,60.0,40.0,6.0,6.0,77.0,3.0,56.5,39.7,798.0,1478.0
231,232,24,01/02/2025 15:00,Vitality Stadium,Bournemouth,Liverpool,0 - 2,0.0,2.0,A,29.0,25.9,48.1,55.0,39.0,6.0,7.0,97.0,3.0,62.4,42.6,732.0,1438.0,24.0,28.0,57.4,84.0,64.0,9.0,9.0,65.0,2.0,80.0,59.6,801.0,1846.0
232,235,24,01/02/2025 15:00,Goodison Park,Everton,Leicester,4 - 0,4.0,0.0,H,26.0,28.8,41.1,38.0,26.0,2.0,2.0,78.0,2.0,40.6,31.5,474.0,1027.0,,,,,,,,,,,,,
233,236,24,01/02/2025 15:00,Portman Road,Ipswich,Southampton,1 - 2,1.0,2.0,A,,,,,,,,,,,,,,36.0,26.1,48.8,24.0,15.0,0.0,2.0,89.0,3.0,32.0,24.5,628.0,1114.0
234,238,24,01/02/2025 15:00,St. James' Park,Newcastle,Fulham,1 - 2,1.0,2.0,A,,,,,,,,,,,,,,26.0,28.8,52.4,53.0,44.0,3.0,4.0,80.0,2.0,47.8,36.9,773.0,1524.0
235,240,24,01/02/2025 17:30,Molineux Stadium,Wolves,Aston Villa,2 - 0,2.0,0.0,H,31.0,27.7,48.1,52.0,41.0,0.0,0.0,77.0,2.0,42.6,34.6,587.0,1148.0,28.0,27.8,51.0,56.0,45.0,3.0,6.0,74.0,3.0,55.7,41.5,709.0,1326.0
236,233,24,02/02/2025 14:00,Gtech Community Stadium,Brentford,Spurs,0 - 2,0.0,2.0,A,28.0,26.6,47.8,64.0,43.0,5.0,6.0,61.0,1.0,57.6,41.3,579.0,1318.0,,,,,,,,,,,,,
237,237,24,02/02/2025 14:00,Old Trafford,Man Utd,Crystal Palace,0 - 2,0.0,2.0,A,,,,,,,,,,,,,,29.0,27.0,43.1,48.0,37.0,3.0,4.0,80.0,4.0,58.7,44.7,491.0,1140.0
238,231,24,02/02/2025 16:30,Emirates Stadium,Arsenal,Man City,5 - 1,5.0,1.0,H,25.0,26.6,56.8,65.0,53.0,2.0,2.0,70.0,6.0,57.6,43.2,830.0,1764.0,,,,,,,,,,,,,
239,234,24,03/02/2025 20:00,Stamford Bridge,Chelsea,West Ham,2 - 1,2.0,1.0,H,29.0,24.5,57.3,60.0,46.0,4.0,5.0,99.0,2.0,66.7,51.6,848.0,1573.0,27.0,29.0,48.2,40.0,26.0,3.0,3.0,81.0,3.0,45.9,33.0,617.0,1192.0
240,242,25,14/02/2025 20:00,American Express Stadium,Brighton,Chelsea,3 - 0,3.0,0.0,H,32.0,25.7,52.0,60.0,40.0,6.0,6.0,77.0,3.0,56.5,39.7,798.0,1478.0,29.0,24.5,57.3,60.0,46.0,4.0,5.0,99.0,2.0,66.7,51.6,848.0,1573.0
241,245,25,15/02/2025 12:30,King Power Stadium,Leicester,Arsenal,0 - 2,0.0,2.0,A,,,,,,,,,,,,,,25.0,26.6,56.8,65.0,53.0,2.0,2.0,70.0,6.0,57.6,43.2,830.0,1764.0
242,241,25,15/02/2025 15:00,Villa Park,Aston Villa,Ipswich,1 - 1,1.0,1.0,D,28.0,27.8,51.0,56.0,45.0,3.0,6.0,74.0,3.0,55.7,41.5,709.0,1326.0,,,,,,,,,,,,,
243,244,25,15/02/2025 15:00,Craven Cottage,Fulham,Nott'm Forest,2 - 1,2.0,1.0,H,26.0,28.8,52.4,53.0,44.0,3.0,4.0,80.0,2.0,47.8,36.9,773.0,1524.0,,,,,,,,,,,,,
244,247,25,15/02/2025 15:00,Etihad Stadium,Man City,Newcastle,4 - 0,4.0,0.0,H,,,,,,,,,,,,,,,,,,,,,,,,,,
245,248,25,15/02/2025 15:00,St. Mary's Stadium,Southampton,Bournemouth,1 - 3,1.0,3.0,A,36.0,26.1,48.8,24.0,15.0,0.0,2.0,89.0,3.0,32.0,24.5,628.0,1114.0,29.0,25.9,48.1,55.0,39.0,6.0,7.0,97.0,3.0,62.4,42.6,732.0,1438.0
246,250,25,15/02/2025 15:00,London Stadium,West Ham,Brentford,0 - 1,0.0,1.0,A,27.0,29.0,48.2,40.0,26.0,3.0,3.0,81.0,3.0,45.9,33.0,617.0,1192.0,28.0,26.6,47.8,64.0,43.0,5.0,6.0,61.0,1.0,57.6,41.3,579.0,1318.0
247,243,25,15/02/2025 17:30,Selhurst Park,Crystal Palace,Everton,1 - 2,1.0,2.0,A,29.0,27.0,43.1,48.0,37.0,3.0,4.0,80.0,4.0,58.7,44.7,491.0,1140.0,26.0,28.8,41.1,38.0,26.0,2.0,2.0,78.0,2.0,40.6,31.5,474.0,1027.0
248,246,25,16/02/2025 14:00,Anfield,Liverpool,Wolves,2 - 1,2.0,1.0,H,24.0,28.0,57.4,84.0,64.0,9.0,9.0,65.0,2.0,80.0,59.6,801.0,1846.0,31.0,27.7,48.1,52.0,41.0,0.0,0.0,77.0,2.0,42.6,34.6,587.0,1148.0
249,249,25,16/02/2025 16:30,Tottenham Hotspur Stadium,Spurs,Man Utd,1 - 0,1.0,0.0,H,,,,,,,,,,,,,,,,,,,,,,,,,,
250,257,26,21/02/2025 20:00,King Power Stadium,Leicester,Brentford,0 - 4,0.0,4.0,A,,,,,,,,,,,,,,28.0,26.6,47.8,64.0,43.0,5.0,6.0,61.0,1.0,57.6,41.3,579.0,1318.0
251,254,26,22/02/2025 12:30,Goodison Park,Everton,Man Utd,2 - 2,2.0,2.0,D,26.0,28.8,41.1,38.0,26.0,2.0,2.0,78.0,2.0,40.6,31.5,474.0,1027.0,,,,,,,,,,,,,
252,251,26,22/02/2025 15:00,Emirates Stadium,Arsenal,West Ham,0 - 1,0.0,1.0,A,25.0,26.6,56.8,65.0,53.0,2.0,2.0,70.0,6.0,57.6,43.2,830.0,1764.0,27.0,29.0,48.2,40.0,26.0,3.0,3.0,81.0,3.0,45.9,33.0,617.0,1192.0
253,253,26,22/02/2025 15:00,Vitality Stadium,Bournemouth,Wolves,0 - 1,0.0,1.0,A,29.0,25.9,48.1,55.0,39.0,6.0,7.0,97.0,3.0,62.4,42.6,732.0,1438.0,31.0,27.7,48.1,52.0,41.0,0.0,0.0,77.0,2.0,42.6,34.6,587.0,1148.0
254,255,26,22/02/2025 15:00,Craven Cottage,Fulham,Crystal Palace,0 - 2,0.0,2.0,A,26.0,28.8,52.4,53.0,44.0,3.0,4.0,80.0,2.0,47.8,36.9,773.0,1524.0,29.0,27.0,43.1,48.0,37.0,3.0,4.0,80.0,4.0,58.7,44.7,491.0,1140.0
255,256,26,22/02/2025 15:00,Portman Road,Ipswich,Spurs,1 - 4,1.0,4.0,A,,,,,,,,,,,,,,,,,,,,,,,,,,
256,260,26,22/02/2025 15:00,St. Mary's Stadium,Southampton,Brighton,0 - 4,0.0,4.0,A,36.0,26.1,48.8,24.0,15.0,0.0,2.0,89.0,3.0,32.0,24.5,628.0,1114.0,32.0,25.7,52.0,60.0,40.0,6.0,6.0,77.0,3.0,56.5,39.7,798.0,1478.0
257,252,26,22/02/2025 17:30,Villa Park,Aston Villa,Chelsea,2 - 1,2.0,1.0,H,28.0,27.8,51.0,56.0,45.0,3.0,6.0,74.0,3.0,55.7,41.5,709.0,1326.0,29.0,24.5,57.3,60.0,46.0,4.0,5.0,99.0,2.0,66.7,51.6,848.0,1573.0
258,259,26,23/02/2025 14:00,St. James' Park,Newcastle,Nott'm Forest,4 - 3,4.0,3.0,H,,,,,,,,,,,,,,,,,,,,,,,,,,
259,258,26,23/02/2025 16:30,Etihad Stadium,Man City,Liverpool,0 - 2,0.0,2.0,A,,,,,,,,,,,,,,24.0,28.0,57.4,84.0,64.0,9.0,9.0,65.0,2.0,80.0,59.6,801.0,1846.0
260,262,27,25/02/2025 19:30,American Express Stadium,Brighton,Bournemouth,2 - 1,2.0,1.0,H,32.0,25.7,52.0,60.0,40.0,6.0,6.0,77.0,3.0,56.5,39.7,798.0,1478.0,29.0,25.9,48.1,55.0,39.0,6.0,7.0,97.0,3.0,62.4,42.6,732.0,1438.0
261,266,27,25/02/2025 19:30,Molineux Stadium,Wolves,Fulham,1 - 2,1.0,2.0,A,31.0,27.7,48.1,52.0,41.0,0.0,0.0,77.0,2.0,42.6,34.6,587.0,1148.0,26.0,28.8,52.4,53.0,44.0,3.0,4.0,80.0,2.0,47.8,36.9,773.0,1524.0
262,267,27,25/02/2025 19:30,Selhurst Park,Crystal Palace,Aston Villa,4 - 1,4.0,1.0,H,29.0,27.0,43.1,48.0,37.0,3.0,4.0,80.0,4.0,58.7,44.7,491.0,1140.0,28.0,27.8,51.0,56.0,45.0,3.0,6.0,74.0,3.0,55.7,41.5,709.0,1326.0
263,268,27,25/02/2025 20:15,Stamford Bridge,Chelsea,Southampton,4 - 0,4.0,0.0,H,29.0,24.5,57.3,60.0,46.0,4.0,5.0,99.0,2.0,66.7,51.6,848.0,1573.0,36.0,26.1,48.8,24.0,15.0,0.0,2.0,89.0,3.0,32.0,24.5,628.0,1114.0
264,261,27,26/02/2025 19:30,Gtech Community Stadium,Brentford,Everton,1 - 1,1.0,1.0,D,28.0,26.6,47.8,64.0,43.0,5.0,6.0,61.0,1.0,57.6,41.3,579.0,1318.0,26.0,28.8,41.1,38.0,26.0,2.0,2.0,78.0,2.0,40.6,31.5,474.0,1027.0
265,263,27,26/02/2025 19:30,The City Ground,Nott'm Forest,Arsenal,0 - 0,0.0,0.0,D,,,,,,,,,,,,,,25.0,26.6,56.8,65.0,53.0,2.0,2.0,70.0,6.0,57.6,43.2,830.0,1764.0
266,264,27,26/02/2025 19:30,Tottenham Hotspur Stadium,Spurs,Man City,0 - 1,0.0,1.0,A,,,,,,,,,,,,,,,,,,,,,,,,,,
267,270,27,26/02/2025 19:30,Old Trafford,Man Utd,Ipswich,3 - 2,3.0,2.0,H,,,,,,,,,,,,,,,,,,,,,,,,,,
268,269,27,26/02/2025 20:15,Anfield,Liverpool,Newcastle,2 - 0,2.0,0.0,H,24.0,28.0,57.4,84.0,64.0,9.0,9.0,65.0,2.0,80.0,59.6,801.0,1846.0,,,,,,,,,,,,,
269,265,27,27/02/2025 20:00,London Stadium,West Ham,Leicester,2 - 0,2.0,0.0,H,27.0,29.0,48.2,40.0,26.0,3.0,3.0,81.0,3.0,45.9,33.0,617.0,1192.0,,,,,,,,,,,,,
270,277,28,08/03/2025 12:30,The City Ground,Nott'm Forest,Man City,1 - 0,1.0,0.0,H,,,,,,,,,,,,,,,,,,,,,,,,,,
271,272,28,08/03/2025 15:00,American Express Stadium,Brighton,Fulham,2 - 1,2.0,1.0,H,32.0,25.7,52.0,60.0,40.0,6.0,6.0,77.0,3.0,56.5,39.7,798.0,1478.0,26.0,28.8,52.4,53.0,44.0,3.0,4.0,80.0,2.0,47.8,36.9,773.0,1524.0
272,274,28,08/03/2025 15:00,Selhurst Park,Crystal Palace,Ipswich,1 - 0,1.0,0.0,H,29.0,27.0,43.1,48.0,37.0,3.0,4.0,80.0,4.0,58.7,44.7,491.0,1140.0,,,,,,,,,,,,,
273,275,28,08/03/2025 15:00,Anfield,Liverpool,Southampton,3 - 1,3.0,1.0,H,24.0,28.0,57.4,84.0,64.0,9.0,9.0,65.0,2.0,80.0,59.6,801.0,1846.0,36.0,26.1,48.8,24.0,15.0,0.0,2.0,89.0,3.0,32.0,24.5,628.0,1114.0
274,271,28,08/03/2025 17:30,Gtech Community Stadium,Brentford,Aston Villa,0 - 1,0.0,1.0,A,28.0,26.6,47.8,64.0,43.0,5.0,6.0,61.0,1.0,57.6,41.3,579.0,1318.0,28.0,27.8,51.0,56.0,45.0,3.0,6.0,74.0,3.0,55.7,41.5,709.0,1326.0
275,280,28,08/03/2025 20:00,Molineux Stadium,Wolves,Everton,1 - 1,1.0,1.0,D,31.0,27.7,48.1,52.0,41.0,0.0,0.0,77.0,2.0,42.6,34.6,587.0,1148.0,26.0,28.8,41.1,38.0,26.0,2.0,2.0,78.0,2.0,40.6,31.5,474.0,1027.0
276,273,28,09/03/2025 14:00,Stamford Bridge,Chelsea,Leicester,1 - 0,1.0,0.0,H,29.0,24.5,57.3,60.0,46.0,4.0,5.0,99.0,2.0,66.7,51.6,848.0,1573.0,,,,,,,,,,,,,
277,278,28,09/03/2025 14:00,Tottenham Hotspur Stadium,Spurs,Bournemouth,2 - 2,2.0,2.0,D,,,,,,,,,,,,,,29.0,25.9,48.1,55.0,39.0,6.0,7.0,97.0,3.0,62.4,42.6,732.0,1438.0
278,276,28,09/03/2025 16:30,Old Trafford,Man Utd,Arsenal,1 - 1,1.0,1.0,D,,,,,,,,,,,,,,25.0,26.6,56.8,65.0,53.0,2.0,2.0,70.0,6.0,57.6,43.2,830.0,1764.0
279,279,28,10/03/2025 20:00,London Stadium,West Ham,Newcastle,0 - 1,0.0,1.0,A,27.0,29.0,48.2,40.0,26.0,3.0,3.0,81.0,3.0,45.9,33.0,617.0,1192.0,,,,,,,,,,,,,
280,282,29,19/02/2025 19:30,Villa Park,Aston Villa,Liverpool,2 - 2,2.0,2.0,D,28.0,27.8,51.0,56.0,45.0,3.0,6.0,74.0,3.0,55.7,41.5,709.0,1326.0,24.0,28.0,57.4,84.0,64.0,9.0,9.0,65.0,2.0,80.0,59.6,801.0,1846.0
281,284,29,15/03/2025 15:00,Goodison Park,Everton,West Ham,1 - 1,1.0,1.0,D,26.0,28.8,41.1,38.0,26.0,2.0,2.0,78.0,2.0,40.6,31.5,474.0,1027.0,27.0,29.0,48.2,40.0,26.0,3.0,3.0,81.0,3.0,45.9,33.0,617.0,1192.0
282,286,29,15/03/2025 15:00,Portman Road,Ipswich,Nott'm Forest,2 - 4,2.0,4.0,A,,,,,,,,,,,,,,,,,,,,,,,,,,
283,288,29,15/03/2025 15:00,Etihad Stadium,Man City,Brighton,2 - 2,2.0,2.0,D,,,,,,,,,,,,,,32.0,25.7,52.0,60.0,40.0,6.0,6.0,77.0,3.0,56.5,39.7,798.0,1478.0
284,290,29,15/03/2025 15:00,St. Mary's Stadium,Southampton,Wolves,1 - 2,1.0,2.0,A,36.0,26.1,48.8,24.0,15.0,0.0,2.0,89.0,3.0,32.0,24.5,628.0,1114.0,31.0,27.7,48.1,52.0,41.0,0.0,0.0,77.0,2.0,42.6,34.6,587.0,1148.0
285,283,29,15/03/2025 17:30,Vitality Stadium,Bournemouth,Brentford,1 - 2,1.0,2.0,A,29.0,25.9,48.1,55.0,39.0,6.0,7.0,97.0,3.0,62.4,42.6,732.0,1438.0,28.0,26.6,47.8,64.0,43.0,5.0,6.0,61.0,1.0,57.6,41.3,579.0,1318.0
286,281,29,16/03/2025 13:30,Emirates Stadium,Arsenal,Chelsea,1 - 0,1.0,0.0,H,25.0,26.6,56.8,65.0,53.0,2.0,2.0,70.0,6.0,57.6,43.2,830.0,1764.0,29.0,24.5,57.3,60.0,46.0,4.0,5.0,99.0,2.0,66.7,51.6,848.0,1573.0
287,285,29,16/03/2025 13:30,Craven Cottage,Fulham,Spurs,2 - 0,2.0,0.0,H,26.0,28.8,52.4,53.0,44.0,3.0,4.0,80.0,2.0,47.8,36.9,773.0,1524.0,,,,,,,,,,,,,
288,287,29,16/03/2025 19:00,King Power Stadium,Leicester,Man Utd,0 - 3,0.0,3.0,A,,,,,,,,,,,,,,,,,,,,,,,,,,
289,289,29,16/04/2025 19:30,St. James' Park,Newcastle,Crystal Palace,5 - 0,5.0,0.0,H,,,,,,,,,,,,,,29.0,27.0,43.1,48.0,37.0,3.0,4.0,80.0,4.0,58.7,44.7,491.0,1140.0
290,291,30,01/04/2025 19:45,Emirates Stadium,Arsenal,Fulham,2 - 1,2.0,1.0,H,25.0,26.6,56.8,65.0,53.0,2.0,2.0,70.0,6.0,57.6,43.2,830.0,1764.0,26.0,28.8,52.4,53.0,44.0,3.0,4.0,80.0,2.0,47.8,36.9,773.0,1524.0
291,295,30,01/04/2025 19:45,Molineux Stadium,Wolves,West Ham,1 - 0,1.0,0.0,H,31.0,27.7,48.1,52.0,41.0,0.0,0.0,77.0,2.0,42.6,34.6,587.0,1148.0,27.0,29.0,48.2,40.0,26.0,3.0,3.0,81.0,3.0,45.9,33.0,617.0,1192.0
292,294,30,01/04/2025 20:00,The City Ground,Nott'm Forest,Man Utd,1 - 0,1.0,0.0,H,,,,,,,,,,,,,,,,,,,,,,,,,,
293,292,30,02/04/2025 19:45,Vitality Stadium,Bournemouth,Ipswich,1 - 2,1.0,2.0,A,29.0,25.9,48.1,55.0,39.0,6.0,7.0,97.0,3.0,62.4,42.6,732.0,1438.0,,,,,,,,,,,,,
294,293,30,02/04/2025 19:45,American Express Stadium,Brighton,Aston Villa,0 - 3,0.0,3.0,A,32.0,25.7,52.0,60.0,40.0,6.0,6.0,77.0,3.0,56.5,39.7,798.0,1478.0,28.0,27.8,51.0,56.0,45.0,3.0,6.0,74.0,3.0,55.7,41.5,709.0,1326.0
295,297,30,02/04/2025 19:45,Etihad Stadium,Man City,Leicester,2 - 0,2.0,0.0,H,,,,,,,,,,,,,,,,,,,,,,,,,,
296,298,30,02/04/2025 19:45,St. James' Park,Newcastle,Brentford,2 - 1,2.0,1.0,H,,,,,,,,,,,,,,28.0,26.6,47.8,64.0,43.0,5.0,6.0,61.0,1.0,57.6,41.3,579.0,1318.0
297,299,30,02/04/2025 19:45,St. Mary's Stadium,Southampton,Crystal Palace,1 - 1,1.0,1.0,D,36.0,26.1,48.8,24.0,15.0,0.0,2.0,89.0,3.0,32.0,24.5,628.0,1114.0,29.0,27.0,43.1,48.0,37.0,3.0,4.0,80.0,4.0,58.7,44.7,491.0,1140.0
298,300,30,02/04/2025 20:00,Anfield,Liverpool,Everton,1 - 0,1.0,0.0,H,24.0,28.0,57.4,84.0,64.0,9.0,9.0,65.0,2.0,80.0,59.6,801.0,1846.0,26.0,28.8,41.1,38.0,26.0,2.0,2.0,78.0,2.0,40.6,31.5,474.0,1027.0
299,296,30,03/04/2025 20:00,Stamford Bridge,Chelsea,Spurs,1 - 0,1.0,0.0,H,29.0,24.5,57.3,60.0,46.0,4.0,5.0,99.0,2.0,66.7,51.6,848.0,1573.0,,,,,,,,,,,,,
300,304,31,05/04/2025 12:30,Goodison Park,Everton,Arsenal,1 - 1,1.0,1.0,D,26.0,28.8,41.1,38.0,26.0,2.0,2.0,78.0,2.0,40.6,31.5,474.0,1027.0,25.0,26.6,56.8,65.0,53.0,2.0,2.0,70.0,6.0,57.6,43.2,830.0,1764.0
301,303,31,05/04/2025 15:00,Selhurst Park,Crystal Palace,Brighton,2 - 1,2.0,1.0,H,29.0,27.0,43.1,48.0,37.0,3.0,4.0,80.0,4.0,58.7,44.7,491.0,1140.0,32.0,25.7,52.0,60.0,40.0,6.0,6.0,77.0,3.0,56.5,39.7,798.0,1478.0
302,306,31,05/04/2025 15:00,Portman Road,Ipswich,Wolves,1 - 2,1.0,2.0,A,,,,,,,,,,,,,,31.0,27.7,48.1,52.0,41.0,0.0,0.0,77.0,2.0,42.6,34.6,587.0,1148.0
303,310,31,05/04/2025 15:00,London Stadium,West Ham,Bournemouth,2 - 2,2.0,2.0,D,27.0,29.0,48.2,40.0,26.0,3.0,3.0,81.0,3.0,45.9,33.0,617.0,1192.0,29.0,25.9,48.1,55.0,39.0,6.0,7.0,97.0,3.0,62.4,42.6,732.0,1438.0
304,301,31,05/04/2025 17:30,Villa Park,Aston Villa,Nott'm Forest,2 - 1,2.0,1.0,H,28.0,27.8,51.0,56.0,45.0,3.0,6.0,74.0,3.0,55.7,41.5,709.0,1326.0,,,,,,,,,,,,,
305,302,31,06/04/2025 14:00,Gtech Community Stadium,Brentford,Chelsea,0 - 0,0.0,0.0,D,28.0,26.6,47.8,64.0,43.0,5.0,6.0,61.0,1.0,57.6,41.3,579.0,1318.0,29.0,24.5,57.3,60.0,46.0,4.0,5.0,99.0,2.0,66.7,51.6,848.0,1573.0
306,305,31,06/04/2025 14:00,Craven Cottage,Fulham,Liverpool,3 - 2,3.0,2.0,H,26.0,28.8,52.4,53.0,44.0,3.0,4.0,80.0,2.0,47.8,36.9,773.0,1524.0,24.0,28.0,57.4,84.0,64.0,9.0,9.0,65.0,2.0,80.0,59.6,801.0,1846.0
307,309,31,06/04/2025 14:00,Tottenham Hotspur Stadium,Spurs,Southampton,3 - 1,3.0,1.0,H,,,,,,,,,,,,,,36.0,26.1,48.8,24.0,15.0,0.0,2.0,89.0,3.0,32.0,24.5,628.0,1114.0
308,308,31,06/04/2025 16:30,Old Trafford,Man Utd,Man City,0 - 0,0.0,0.0,D,,,,,,,,,,,,,,,,,,,,,,,,,,
309,307,31,07/04/2025 20:00,King Power Stadium,Leicester,Newcastle,0 - 3,0.0,3.0,A,,,,,,,,,,,,,,,,,,,,,,,,,,
310,316,32,12/04/2025 12:30,Etihad Stadium,Man City,Crystal Palace,5 - 2,5.0,2.0,H,,,,,,,,,,,,,,29.0,27.0,43.1,48.0,37.0,3.0,4.0,80.0,4.0,58.7,44.7,491.0,1140.0
311,313,32,12/04/2025 15:00,American Express Stadium,Brighton,Leicester,2 - 2,2.0,2.0,D,32.0,25.7,52.0,60.0,40.0,6.0,6.0,77.0,3.0,56.5,39.7,798.0,1478.0,,,,,,,,,,,,,
312,318,32,12/04/2025 15:00,The City Ground,Nott'm Forest,Everton,0 - 1,0.0,1.0,A,,,,,,,,,,,,,,26.0,28.8,41.1,38.0,26.0,2.0,2.0,78.0,2.0,40.6,31.5,474.0,1027.0
313,319,32,12/04/2025 15:00,St. Mary's Stadium,Southampton,Aston Villa,0 - 3,0.0,3.0,A,36.0,26.1,48.8,24.0,15.0,0.0,2.0,89.0,3.0,32.0,24.5,628.0,1114.0,28.0,27.8,51.0,56.0,45.0,3.0,6.0,74.0,3.0,55.7,41.5,709.0,1326.0
314,311,32,12/04/2025 17:30,Emirates Stadium,Arsenal,Brentford,1 - 1,1.0,1.0,D,25.0,26.6,56.8,65.0,53.0,2.0,2.0,70.0,6.0,57.6,43.2,830.0,1764.0,28.0,26.6,47.8,64.0,43.0,5.0,6.0,61.0,1.0,57.6,41.3,579.0,1318.0
315,314,32,13/04/2025 14:00,Stamford Bridge,Chelsea,Ipswich,2 - 2,2.0,2.0,D,29.0,24.5,57.3,60.0,46.0,4.0,5.0,99.0,2.0,66.7,51.6,848.0,1573.0,,,,,,,,,,,,,
316,315,32,13/04/2025 14:00,Anfield,Liverpool,West Ham,2 - 1,2.0,1.0,H,24.0,28.0,57.4,84.0,64.0,9.0,9.0,65.0,2.0,80.0,59.6,801.0,1846.0,27.0,29.0,48.2,40.0,26.0,3.0,3.0,81.0,3.0,45.9,33.0,617.0,1192.0
317,320,32,13/04/2025 14:00,Molineux Stadium,Wolves,Spurs,4 - 2,4.0,2.0,H,31.0,27.7,48.1,52.0,41.0,0.0,0.0,77.0,2.0,42.6,34.6,587.0,1148.0,,,,,,,,,,,,,
318,317,32,13/04/2025 16:30,St. James' Park,Newcastle,Man Utd,4 - 1,4.0,1.0,H,,,,,,,,,,,,,,,,,,,,,,,,,,
319,312,32,14/04/2025 20:00,Vitality Stadium,Bournemouth,Fulham,1 - 0,1.0,0.0,H,29.0,25.9,48.1,55.0,39.0,6.0,7.0,97.0,3.0,62.4,42.6,732.0,1438.0,26.0,28.8,52.4,53.0,44.0,3.0,4.0,80.0,2.0,47.8,36.9,773.0,1524.0
320,322,33,19/04/2025 15:00,Gtech Community Stadium,Brentford,Brighton,4 - 2,4.0,2.0,H,28.0,26.6,47.8,64.0,43.0,5.0,6.0,61.0,1.0,57.6,41.3,579.0,1318.0,32.0,25.7,52.0,60.0,40.0,6.0,6.0,77.0,3.0,56.5,39.7,798.0,1478.0
321,323,33,19/04/2025 15:00,Selhurst Park,Crystal Palace,Bournemouth,0 - 0,0.0,0.0,D,29.0,27.0,43.1,48.0,37.0,3.0,4.0,80.0,4.0,58.7,44.7,491.0,1140.0,29.0,25.9,48.1,55.0,39.0,6.0,7.0,97.0,3.0,62.4,42.6,732.0,1438.0
322,324,33,19/04/2025 15:00,Goodison Park,Everton,Man City,0 - 2,0.0,2.0,A,26.0,28.8,41.1,38.0,26.0,2.0,2.0,78.0,2.0,40.6,31.5,474.0,1027.0,,,,,,,,,,,,,
323,330,33,19/04/2025 15:00,London Stadium,West Ham,Southampton,1 - 1,1.0,1.0,D,27.0,29.0,48.2,40.0,26.0,3.0,3.0,81.0,3.0,45.9,33.0,617.0,1192.0,36.0,26.1,48.8,24.0,15.0,0.0,2.0,89.0,3.0,32.0,24.5,628.0,1114.0
324,321,33,19/04/2025 17:30,Villa Park,Aston Villa,Newcastle,4 - 1,4.0,1.0,H,28.0,27.8,51.0,56.0,45.0,3.0,6.0,74.0,3.0,55.7,41.5,709.0,1326.0,,,,,,,,,,,,,
325,325,33,20/04/2025 14:00,Craven Cottage,Fulham,Chelsea,1 - 2,1.0,2.0,A,26.0,28.8,52.4,53.0,44.0,3.0,4.0,80.0,2.0,47.8,36.9,773.0,1524.0,29.0,24.5,57.3,60.0,46.0,4.0,5.0,99.0,2.0,66.7,51.6,848.0,1573.0
326,326,33,20/04/2025 14:00,Portman Road,Ipswich,Arsenal,0 - 4,0.0,4.0,A,,,,,,,,,,,,,,25.0,26.6,56.8,65.0,53.0,2.0,2.0,70.0,6.0,57.6,43.2,830.0,1764.0
327,328,33,20/04/2025 14:00,Old Trafford,Man Utd,Wolves,0 - 1,0.0,1.0,A,,,,,,,,,,,,,,31.0,27.7,48.1,52.0,41.0,0.0,0.0,77.0,2.0,42.6,34.6,587.0,1148.0
328,327,33,20/04/2025 16:30,King Power Stadium,Leicester,Liverpool,0 - 1,0.0,1.0,A,,,,,,,,,,,,,,24.0,28.0,57.4,84.0,64.0,9.0,9.0,65.0,2.0,80.0,59.6,801.0,1846.0
329,329,33,21/04/2025 20:00,Tottenham Hotspur Stadium,Spurs,Nott'm Forest,1 - 2,1.0,2.0,A,,,,,,,,,,,,,,,,,,,,,,,,,,
330,336,34,22/04/2025 20:00,Etihad Stadium,Man City,Aston Villa,2 - 1,2.0,1.0,H,,,,,,,,,,,,,,28.0,27.8,51.0,56.0,45.0,3.0,6.0,74.0,3.0,55.7,41.5,709.0,1326.0
331,331,34,23/04/2025 20:00,Emirates Stadium,Arsenal,Crystal Palace,2 - 2,2.0,2.0,D,25.0,26.6,56.8,65.0,53.0,2.0,2.0,70.0,6.0,57.6,43.2,830.0,1764.0,29.0,27.0,43.1,48.0,37.0,3.0,4.0,80.0,4.0,58.7,44.7,491.0,1140.0
332,334,34,26/04/2025 12:30,Stamford Bridge,Chelsea,Everton,1 - 0,1.0,0.0,H,29.0,24.5,57.3,60.0,46.0,4.0,5.0,99.0,2.0,66.7,51.6,848.0,1573.0,26.0,28.8,41.1,38.0,26.0,2.0,2.0,78.0,2.0,40.6,31.5,474.0,1027.0
333,333,34,26/04/2025 15:00,American Express Stadium,Brighton,West Ham,3 - 2,3.0,2.0,H,32.0,25.7,52.0,60.0,40.0,6.0,6.0,77.0,3.0,56.5,39.7,798.0,1478.0,27.0,29.0,48.2,40.0,26.0,3.0,3.0,81.0,3.0,45.9,33.0,617.0,1192.0
334,337,34,26/04/2025 15:00,St. James' Park,Newcastle,Ipswich,3 - 0,3.0,0.0,H,,,,,,,,,,,,,,,,,,,,,,,,,,
335,339,34,26/04/2025 15:00,St. Mary's Stadium,Southampton,Fulham,1 - 2,1.0,2.0,A,36.0,26.1,48.8,24.0,15.0,0.0,2.0,89.0,3.0,32.0,24.5,628.0,1114.0,26.0,28.8,52.4,53.0,44.0,3.0,4.0,80.0,2.0,47.8,36.9,773.0,1524.0
336,340,34,26/04/2025 15:00,Molineux Stadium,Wolves,Leicester,3 - 0,3.0,0.0,H,31.0,27.7,48.1,52.0,41.0,0.0,0.0,77.0,2.0,42.6,34.6,587.0,1148.0,,,,,,,,,,,,,
337,332,34,27/04/2025 14:00,Vitality Stadium,Bournemouth,Man Utd,1 - 1,1.0,1.0,D,29.0,25.9,48.1,55.0,39.0,6.0,7.0,97.0,3.0,62.4,42.6,732.0,1438.0,,,,,,,,,,,,,
338,335,34,27/04/2025 16:30,Anfield,Liverpool,Spurs,5 - 1,5.0,1.0,H,24.0,28.0,57.4,84.0,64.0,9.0,9.0,65.0,2.0,80.0,59.6,801.0,1846.0,,,,,,,,,,,,,
339,338,34,01/05/2025 19:30,The City Ground,Nott'm Forest,Brentford,0 - 2,0.0,2.0,A,,,,,,,,,,,,,,28.0,26.6,47.8,64.0,43.0,5.0,6.0,61.0,1.0,57.6,41.3,579.0,1318.0
340,349,35,02/05/2025 20:00,Etihad Stadium,Man City,Wolves,1 - 0,1.0,0.0,H,,,,,,,,,,,,,,31.0,27.7,48.1,52.0,41.0,0.0,0.0,77.0,2.0,42.6,34.6,587.0,1148.0
341,342,35,03/05/2025 12:30,Villa Park,Aston Villa,Fulham,1 - 0,1.0,0.0,H,28.0,27.8,51.0,56.0,45.0,3.0,6.0,74.0,3.0,55.7,41.5,709.0,1326.0,26.0,28.8,52.4,53.0,44.0,3.0,4.0,80.0,2.0,47.8,36.9,773.0,1524.0
342,347,35,03/05/2025 15:00,Goodison Park,Everton,Ipswich,2 - 2,2.0,2.0,D,26.0,28.8,41.1,38.0,26.0,2.0,2.0,78.0,2.0,40.6,31.5,474.0,1027.0,,,,,,,,,,,,,
343,348,35,03/05/2025 15:00,King Power Stadium,Leicester,Southampton,2 - 0,2.0,0.0,H,,,,,,,,,,,,,,36.0,26.1,48.8,24.0,15.0,0.0,2.0,89.0,3.0,32.0,24.5,628.0,1114.0
344,341,35,03/05/2025 17:30,Emirates Stadium,Arsenal,Bournemouth,1 - 2,1.0,2.0,A,25.0,26.6,56.8,65.0,53.0,2.0,2.0,70.0,6.0,57.6,43.2,830.0,1764.0,29.0,25.9,48.1,55.0,39.0,6.0,7.0,97.0,3.0,62.4,42.6,732.0,1438.0
345,343,35,04/05/2025 14:00,Gtech Community Stadium,Brentford,Man Utd,4 - 3,4.0,3.0,H,28.0,26.6,47.8,64.0,43.0,5.0,6.0,61.0,1.0,57.6,41.3,579.0,1318.0,,,,,,,,,,,,,
346,344,35,04/05/2025 14:00,American Express Stadium,Brighton,Newcastle,1 - 1,1.0,1.0,D,32.0,25.7,52.0,60.0,40.0,6.0,6.0,77.0,3.0,56.5,39.7,798.0,1478.0,,,,,,,,,,,,,
347,350,35,04/05/2025 14:00,London Stadium,West Ham,Spurs,1 - 1,1.0,1.0,D,27.0,29.0,48.2,40.0,26.0,3.0,3.0,81.0,3.0,45.9,33.0,617.0,1192.0,,,,,,,,,,,,,
348,345,35,04/05/2025 16:30,Stamford Bridge,Chelsea,Liverpool,3 - 1,3.0,1.0,H,29.0,24.5,57.3,60.0,46.0,4.0,5.0,99.0,2.0,66.7,51.6,848.0,1573.0,24.0,28.0,57.4,84.0,64.0,9.0,9.0,65.0,2.0,80.0,59.6,801.0,1846.0
349,346,35,05/05/2025 20:00,Selhurst Park,Crystal Palace,Nott'm Forest,1 - 1,1.0,1.0,D,29.0,27.0,43.1,48.0,37.0,3.0,4.0,80.0,4.0,58.7,44.7,491.0,1140.0,,,,,,,,,,,,,
350,352,36,10/05/2025 15:00,Craven Cottage,Fulham,Everton,1 - 3,1.0,3.0,A,26.0,28.8,52.4,53.0,44.0,3.0,4.0,80.0,2.0,47.8,36.9,773.0,1524.0,26.0,28.8,41.1,38.0,26.0,2.0,2.0,78.0,2.0,40.6,31.5,474.0,1027.0
351,353,36,10/05/2025 15:00,Portman Road,Ipswich,Brentford,0 - 1,0.0,1.0,A,,,,,,,,,,,,,,28.0,26.6,47.8,64.0,43.0,5.0,6.0,61.0,1.0,57.6,41.3,579.0,1318.0
352,358,36,10/05/2025 15:00,St. Mary's Stadium,Southampton,Man City,0 - 0,0.0,0.0,D,36.0,26.1,48.8,24.0,15.0,0.0,2.0,89.0,3.0,32.0,24.5,628.0,1114.0,,,,,,,,,,,,,
353,360,36,10/05/2025 15:00,Molineux Stadium,Wolves,Brighton,0 - 2,0.0,2.0,A,31.0,27.7,48.1,52.0,41.0,0.0,0.0,77.0,2.0,42.6,34.6,587.0,1148.0,32.0,25.7,52.0,60.0,40.0,6.0,6.0,77.0,3.0,56.5,39.7,798.0,1478.0
354,351,36,10/05/2025 17:30,Vitality Stadium,Bournemouth,Aston Villa,0 - 1,0.0,1.0,A,29.0,25.9,48.1,55.0,39.0,6.0,7.0,97.0,3.0,62.4,42.6,732.0,1438.0,28.0,27.8,51.0,56.0,45.0,3.0,6.0,74.0,3.0,55.7,41.5,709.0,1326.0
355,356,36,11/05/2025 12:00,St. James' Park,Newcastle,Chelsea,2 - 0,2.0,0.0,H,,,,,,,,,,,,,,29.0,24.5,57.3,60.0,46.0,4.0,5.0,99.0,2.0,66.7,51.6,848.0,1573.0
356,355,36,11/05/2025 14:15,Old Trafford,Man Utd,West Ham,0 - 2,0.0,2.0,A,,,,,,,,,,,,,,27.0,29.0,48.2,40.0,26.0,3.0,3.0,81.0,3.0,45.9,33.0,617.0,1192.0
357,357,36,11/05/2025 14:15,The City Ground,Nott'm Forest,Leicester,2 - 2,2.0,2.0,D,,,,,,,,,,,,,,,,,,,,,,,,,,
358,359,36,11/05/2025 14:15,Tottenham Hotspur Stadium,Spurs,Crystal Palace,0 - 2,0.0,2.0,A,,,,,,,,,,,,,,29.0,27.0,43.1,48.0,37.0,3.0,4.0,80.0,4.0,58.7,44.7,491.0,1140.0
359,354,36,11/05/2025 16:30,Anfield,Liverpool,Arsenal,2 - 2,2.0,2.0,D,24.0,28.0,57.4,84.0,64.0,9.0,9.0,65.0,2.0,80.0,59.6,801.0,1846.0,25.0,26.6,56.8,65.0,53.0,2.0,2.0,70.0,6.0,57.6,43.2,830.0,1764.0
360,362,37,16/05/2025 19:30,Villa Park,Aston Villa,Spurs,2 - 0,2.0,0.0,H,28.0,27.8,51.0,56.0,45.0,3.0,6.0,74.0,3.0,55.7,41.5,709.0,1326.0,,,,,,,,,,,,,
361,365,37,16/05/2025 20:15,Stamford Bridge,Chelsea,Man Utd,1 - 0,1.0,0.0,H,29.0,24.5,57.3,60.0,46.0,4.0,5.0,99.0,2.0,66.7,51.6,848.0,1573.0,,,,,,,,,,,,,
362,367,37,18/05/2025 12:00,Goodison Park,Everton,Southampton,2 - 0,2.0,0.0,H,26.0,28.8,41.1,38.0,26.0,2.0,2.0,78.0,2.0,40.6,31.5,474.0,1027.0,36.0,26.1,48.8,24.0,15.0,0.0,2.0,89.0,3.0,32.0,24.5,628.0,1114.0
363,370,37,18/05/2025 14:15,London Stadium,West Ham,Nott'm Forest,1 - 2,1.0,2.0,A,27.0,29.0,48.2,40.0,26.0,3.0,3.0,81.0,3.0,45.9,33.0,617.0,1192.0,,,,,,,,,,,,,
364,363,37,18/05/2025 15:00,Gtech Community Stadium,Brentford,Fulham,2 - 3,2.0,3.0,A,28.0,26.6,47.8,64.0,43.0,5.0,6.0,61.0,1.0,57.6,41.3,579.0,1318.0,26.0,28.8,52.4,53.0,44.0,3.0,4.0,80.0,2.0,47.8,36.9,773.0,1524.0
365,368,37,18/05/2025 15:00,King Power Stadium,Leicester,Ipswich,2 - 0,2.0,0.0,H,,,,,,,,,,,,,,,,,,,,,,,,,,
366,361,37,18/05/2025 16:30,Emirates Stadium,Arsenal,Newcastle,1 - 0,1.0,0.0,H,25.0,26.6,56.8,65.0,53.0,2.0,2.0,70.0,6.0,57.6,43.2,830.0,1764.0,,,,,,,,,,,,,
367,364,37,19/05/2025 20:00,American Express Stadium,Brighton,Liverpool,3 - 2,3.0,2.0,H,32.0,25.7,52.0,60.0,40.0,6.0,6.0,77.0,3.0,56.5,39.7,798.0,1478.0,24.0,28.0,57.4,84.0,64.0,9.0,9.0,65.0,2.0,80.0,59.6,801.0,1846.0
368,366,37,20/05/2025 20:00,Selhurst Park,Crystal Palace,Wolves,4 - 2,4.0,2.0,H,29.0,27.0,43.1,48.0,37.0,3.0,4.0,80.0,4.0,58.7,44.7,491.0,1140.0,31.0,27.7,48.1,52.0,41.0,0.0,0.0,77.0,2.0,42.6,34.6,587.0,1148.0
369,369,37,20/05/2025 20:00,Etihad Stadium,Man City,Bournemouth,3 - 1,3.0,1.0,H,,,,,,,,,,,,,,29.0,25.9,48.1,55.0,39.0,6.0,7.0,97.0,3.0,62.4,42.6,732.0,1438.0
370,371,38,25/05/2025 16:00,Vitality Stadium,Bournemouth,Leicester,2 - 0,2.0,0.0,H,29.0,25.9,48.1,55.0,39.0,6.0,7.0,97.0,3.0,62.4,42.6,732.0,1438.0,,,,,,,,,,,,,
371,372,38,25/05/2025 16:00,Craven Cottage,Fulham,Man City,0 - 2,0.0,2.0,A,26.0,28.8,52.4,53.0,44.0,3.0,4.0,80.0,2.0,47.8,36.9,773.0,1524.0,,,,,,,,,,,,,
372,373,38,25/05/2025 16:00,Portman Road,Ipswich,West Ham,1 - 3,1.0,3.0,A,,,,,,,,,,,,,,27.0,29.0,48.2,40.0,26.0,3.0,3.0,81.0,3.0,45.9,33.0,617.0,1192.0
373,374,38,25/05/2025 16:00,Anfield,Liverpool,Crystal Palace,1 - 1,1.0,1.0,D,24.0,28.0,57.4,84.0,64.0,9.0,9.0,65.0,2.0,80.0,59.6,801.0,1846.0,29.0,27.0,43.1,48.0,37.0,3.0,4.0,80.0,4.0,58.7,44.7,491.0,1140.0
374,375,38,25/05/2025 16:00,Old Trafford,Man Utd,Aston Villa,2 - 0,2.0,0.0,H,,,,,,,,,,,,,,28.0,27.8,51.0,56.0,45.0,3.0,6.0,74.0,3.0,55.7,41.5,709.0,1326.0
375,376,38,25/05/2025 16:00,St. James' Park,Newcastle,Everton,0 - 1,0.0,1.0,A,,,,,,,,,,,,,,26.0,28.8,41.1,38.0,26.0,2.0,2.0,78.0,2.0,40.6,31.5,474.0,1027.0
376,377,38,25/05/2025 16:00,The City Ground,Nott'm Forest,Chelsea,0 - 1,0.0,1.0,A,,,,,,,,,,,,,,29.0,24.5,57.3,60.0,46.0,4.0,5.0,99.0,2.0,66.7,51.6,848.0,1573.0
377,378,38,25/05/2025 16:00,St. Mary's Stadium,Southampton,Arsenal,1 - 2,1.0,2.0,A,36.0,26.1,48.8,24.0,15.0,0.0,2.0,89.0,3.0,32.0,24.5,628.0,1114.0,25.0,26.6,56.8,65.0,53.0,2.0,2.0,70.0,6.0,57.6,43.2,830.0,1764.0
378,379,38,25/05/2025 16:00,Tottenham Hotspur Stadium,Spurs,Brighton,1 - 4,1.0,4.0,A,,,,,,,,,,,,,,32.0,25.7,52.0,60.0,40.0,6.0,6.0,77.0,3.0,56.5,39.7,798.0,1478.0
379,380,38,25/05/2025 16:00,Molineux Stadium,Wolves,Brentford,1 - 1,1.0,1.0,D,31.0,27.7,48.1,52.0,41.0,0.0,0.0,77.0,2.0,42.6,34.6,587.0,1148.0,28.0,26.6,47.8,64.0,43.0,5.0,6.0,61.0,1.0,57.6,41.3,579.0,1318.0
